Rk,Year,Player,Pos,School,Height,Wt,40YD,Vertical,BenchReps,Broad Jump,3Cone,Shuttle,Drafted,Round,Draft Pick
7,2012,Trevin Wade\WadeTr00,CB,Arizona,10-May,192,4.52,34.5,18,116,6.87,4,Cleveland Browns / 7th / 245th pick / 2012,7,245
26,2012,Coty Sensabaugh\SensCo00,CB,Clemson,11-May,189,4.33,37,15,122,6.6,4.06,Tennessee Titans / 4th / 115th pick / 2012,4,115
28,2012,Josh Robinson\RobiJo01,CB,Central Florida,10-May,199,4.29,38.5,17,133,6.55,3.97,Minnesota Vikings / 3rd / 66th pick / 2012,3,66
42,2012,Josh Norman\NormJo01,CB,Coastal Carolina,1-Jun,197,4.61,33,14,124,7.09,4.23,Carolina Panthers / 5th / 143rd pick / 2012,5,143
65,2012,Trumaine Johnson\JohnTr05,CB,Montana,2-Jun,204,4.5,35.5,19,122,7.2,4.15,St. Louis Rams / 3rd / 65th pick / 2012,3,65
72,2012,Asa Jackson\JackAs00,CB,Cal Poly,10-May,191,4.48,34.5,19,118,6.97,4.03,Baltimore Ravens / 5th / 169th pick / 2012,5,169
82,2012,Casey Hayward\HaywCa00,CB,Vanderbilt,11-May,192,4.47,34,19,119,6.76,3.9,Green Bay Packers / 2nd / 62nd pick / 2012,2,62
90,2012,Stephon Gilmore\GilmSt00,CB,South Carolina,1-Jun,190,4.38,36,15,123,6.61,3.94,Buffalo Bills / 1st / 10th pick / 2012,1,10
91,2012,Terrence Frederick\FredTe00,CB,Texas A&M,10-May,187,4.44,35,16,121,6.59,4.03,Pittsburgh Steelers / 7th / 246th pick / 2012,7,246
94,2012,Jamell Fleming\FlemJa00,CB,Oklahoma,11-May,206,4.43,34,23,125,6.71,3.97,Arizona Cardinals / 3rd / 80th pick / 2012,3,80
121,2012,Robert Blanton\BlanRo00,CB,Notre Dame,1-Jun,208,4.66,34,12,116,6.71,3.97,Minnesota Vikings / 5th / 139th pick / 2012,5,139
124,2012,Bill Bentley\BentBi00,CB,Colorado,10-May,182,4.42,31.5,13,114,6.99,4.5,Detroit Lions / 3rd / 85th pick / 2012,3,85
1,2013,Blidi Wreh-Wilson\WrehBl00,CB,Connecticut,1-Jun,195,4.53,36,14,128,6.97,4.12,Tennessee Titans / 3rd / 70th pick / 2013,3,70
8,2013,Steve Williams\WillSt02,CB,California,9-May,181,4.42,40.5,12,128,6.89,4.1,San Diego Chargers / 5th / 145th pick / 2013,5,145
17,2013,B.W. Webb\WebbBW00,CB,William & Mary,10-May,184,4.51,40.5,14,132,6.82,3.84,Dallas Cowboys / 4th / 114th pick / 2013,4,114
26,2013,Jamar Taylor\TaylJa01,CB,Boise State,11-May,192,4.39,35,22,127,6.82,4.06,Miami Dolphins / 2nd / 54th pick / 2013,2,54
39,2013,Darius Slay\SlayDa00,CB,Mississippi State,1-Jun,192,4.36,35.5,14,124,6.9,4.21,Detroit Lions / 2nd / 36th pick / 2013,2,36
46,2013,Logan Ryan\RyanLo00,CB,Rutgers,11-May,191,4.56,32.5,14,116,6.69,4.06,New England Patriots / 3rd / 83rd pick / 2013,3,83
53,2013,Jordan Poyer\PoyeJo00,CB,Oregon State,1-Jun,191,4.54,30.5,8,118,6.87,4.18,Philadelphia Eagles / 7th / 218th pick / 2013,7,218
69,2013,Brandon McGee\McGeBr00,CB,Miami (FL),11-May,193,4.4,33.5,14,119,6.71,4.18,St. Louis Rams / 5th / 149th pick / 2013,5,149
70,2013,Leon McFadden\McFaLe00,CB,San Diego State,10-May,193,4.54,34.5,10,119,6.81,4.27,Cleveland Browns / 3rd / 68th pick / 2013,3,68
73,2013,Demetrius McCray\McCrDe00,CB,Appalachian State,1-Jun,187,4.54,36,4,126,7.17,4.32,Jacksonville Jaguars / 7th / 210th pick / 2013,7,210
75,2013,Tyrann Mathieu\MathTy00,CB,LSU,9-May,186,4.5,34,4,117,6.87,4.14,Arizona Cardinals / 3rd / 69th pick / 2013,3,69
101,2013,Micah Hyde\HydeMi00,CB,Iowa,1-Jun,197,4.56,33,12,121,6.78,4.2,Green Bay Packers / 5th / 159th pick / 2013,5,159
114,2013,Dwayne Gratz\GratDw00,CB,Connecticut,11-May,201,4.47,38,22,125,6.7,4.15,Jacksonville Jaguars / 3rd / 64th pick / 2013,3,64
125,2013,Will Davis\DaviWi02,CB,Utah State,11-May,186,4.51,35.5,16,127,6.52,4.02,Miami Dolphins / 3rd / 93rd pick / 2013,3,93
141,2013,Johnthan Banks\BankJo00,CB,Mississippi State,2-Jun,185,4.61,34,10,125,6.97,4.27,Tampa Bay Buccaneers / 2nd / 43rd pick / 2013,2,43
142,2013,Marc Anthony\AnthMa00,CB,California,11-May,196,4.63,35,12,118,6.74,4.07,Baltimore Ravens / 7th / 247th pick / 2013,7,247
147,2013,Robert Alford\AlfoRo00,CB,Southeastern Louisiana,10-May,188,4.39,40,17,132,6.89,4.23,Atlanta Falcons / 2nd / 60th pick / 2013,2,60
5,2014,Lavelle Westbrooks\WestLa00,CB,Georgia Southern,11-May,186,4.63,36,15,121,6.98,4.27,Cincinnati Bengals / 7th / 252nd pick / 2014,7,252
73,2014,Nevin Lawson\LawsNe00,CB,Utah State,9-May,190,4.48,33,16,120,7.12,4.4,Detroit Lions / 4th / 133rd pick / 2014,4,133
79,2014,Lamarcus Joyner\JoynLa00,CB,Florida State,8-May,184,4.55,37.5,14,124,7.26,4.4,St. Louis Rams / 2nd / 41st pick / 2014,2,41
83,2014,Dontae Johnson\JohnDo02,CB,North Carolina State,2-Jun,200,4.41,38.5,12,124,6.82,4.24,San Francisco 49ers / 4th / 129th pick / 2014,4,129
89,2014,Bennett Jackson\JackBe00,CB,Notre Dame,1-Jun,195,4.51,38,13,128,6.75,4,New York Giants / 6th / 187th pick / 2014,6,187
98,2014,Andre Hal\HalxAn00,CB,Vanderbilt,10-May,188,4.5,35.5,15,119,7.14,4.27,Houston Texans / 7th / 216th pick / 2014,7,216
100,2014,Demetri Goodson\GoodDe00,CB,Baylor,11-May,194,4.52,37,11,123,6.8,4.34,Green Bay Packers / 6th / 197th pick / 2014,6,197
104,2014,Phillip Gaines\GainPh00,CB,Rice,1-Jun,193,4.38,36.5,11,122,6.62,4.04,Kansas City Chiefs / 3rd / 87th pick / 2014,3,87
106,2014,Kyle Fuller\FullKy00,CB,Virginia Tech,1-Jun,190,4.49,38.5,12,128,6.9,4.19,Chicago Bears / 1st / 14th pick / 2014,1,14
110,2014,Antone Exum\ExumAn00,CB,Virginia Tech,1-Jun,213,4.59,35,17,117,7.05,4.13,Minnesota Vikings / 6th / 182nd pick / 2014,6,182
118,2014,Brandon Dixon\DixoBr00,CB,Northwest Missouri State,11-May,203,4.41,32.5,17,117,7.15,4.27,New York Jets / 6th / 195th pick / 2014,6,195
120,2014,Pierre Desir\DesiPi00,CB,Lindenwood,1-Jun,198,4.59,35,11,133,6.86,4.3,Cleveland Browns / 4th / 127th pick / 2014,4,127
126,2014,Ross Cockrell\CockRo00,CB,Duke,1-Jun,191,4.56,36.5,10,122,7.28,4.32,Buffalo Bills / 4th / 109th pick / 2014,4,109
139,2014,Bashaud Breeland\BreeBa00,CB,Clemson,11-May,197,4.62,34.5,11,123,7.04,4.33,Washington Redskins / 4th / 102nd pick / 2014,4,102
144,2014,Bene' Benwikere\BenwBe00,CB,San Jose State,11-May,195,4.59,40.5,10,122,6.94,4.38,Carolina Panthers / 5th / 148th pick / 2014,5,148
5,2015,P.J. Williams\WillP.00,CB,Florida State,1-Jun,194,4.57,40,12,132,7.08,4.28,New Orleans Saints / 3rd / 78th pick / 2015,3,78
9,2015,Trae Waynes\WaynTr00,CB,Michigan State,1-Jun,186,4.31,38,19,122,7.06,4.39,Minnesota Vikings / 1st / 11th pick / 2015,1,11
22,2015,Tye Smith\SmitTy01,CB,Towson,1-Jun,195,4.6,36.5,15,124,6.97,3.96,Seattle Seahawks / 5th / 170th pick / 2015,5,170
24,2015,D'Joun Smith\SmitDJ00,CB,Florida Atlantic,10-May,187,4.37,36,18,124,6.96,4.26,Indianapolis Colts / 3rd / 65th pick / 2015,3,65
29,2015,Josh Shaw\ShawJo00,CB,Southern California,1-Jun,201,4.44,37.5,26,130,7.01,4.12,Cincinnati Bengals / 4th / 120th pick / 2015,4,120
33,2015,Eric Rowe\RoweEr00,CB,Utah,1-Jun,205,4.45,39,19,125,6.7,3.97,Philadelphia Eagles / 2nd / 47th pick / 2015,2,47
35,2015,Quinten Rollins\RollQu00,CB,Miami (OH),11-May,195,4.57,36.5,14,122,7.1,4.28,Green Bay Packers / 2nd / 62nd pick / 2015,2,62
47,2015,Marcus Peters\PeteMa00,CB,Washington,1-Jun,197,4.53,37.5,17,121,7.08,4.08,Kansas City Chiefs / 1st / 18th pick / 2015,1,18
57,2015,Steven Nelson\NelsSt01,CB,Oregon State,10-May,197,4.49,34.5,19,115,6.88,4.07,Kansas City Chiefs / 3rd / 98th pick / 2015,3,98
61,2015,Bobby McCain\McCaBo01,CB,Memphis,9-May,195,4.51,36,17,130,6.8,3.82,Miami Dolphins / 5th / 145th pick / 2015,5,145
66,2015,Craig Mager\MageCr00,CB,Texas State,11-May,201,4.44,38,17,130,6.83,4.07,San Diego Chargers / 3rd / 83rd pick / 2015,3,83
94,2015,Senquez Golson\GolsSe00,CB,Mississippi,9-May,176,4.46,33.5,15,120,6.81,4.2,Pittsburgh Steelers / 2nd / 56th pick / 2015,2,56
109,2015,Lorenzo Doss\DossLo00,CB,Tulane,10-May,182,4.5,33.5,9,115,7.2,4.26,Denver Broncos / 5th / 164th pick / 2015,5,164
110,2015,Quandre Diggs\DiggQu00,CB,Texas,9-May,196,4.56,35.5,17,113,7.22,4.15,Detroit Lions / 6th / 200th pick / 2015,6,200
118,2015,Ronald Darby\DarbRo00,CB,Florida State,11-May,193,4.38,41.5,12,129,6.94,4.14,Buffalo Bills / 2nd / 50th pick / 2015,2,50
130,2015,Alex Carter\CartAl01,CB,Stanford,1-Jun,196,4.51,40,17,121,7.05,4.07,Detroit Lions / 3rd / 80th pick / 2015,3,80
2,2016,Tavon Young\YounTa01,CB,Temple,9-May,183,4.46,34.5,9,118,6.8,3.93,Baltimore Ravens / 4th / 104th pick / 2016,4,104
5,2016,Daryl Worley\WorlDa00,CB,West Virginia,1-Jun,204,4.64,35.5,14,123,6.98,4.15,Carolina Panthers / 3rd / 77th pick / 2016,3,77
6,2016,Brandon Williams\WillBr07,CB,Texas A&M,11-May,197,4.37,30.5,18,118,6.85,4.19,Arizona Cardinals / 3rd / 92nd pick / 2016,3,92
7,2016,D.J. White\WhitD.00,CB,Georgia Tech,11-May,193,4.49,33,17,132,7.18,4.33,Kansas City Chiefs / 6th / 178th pick / 2016,6,178
34,2016,Jalen Ramsey\RamsJa00,CB,Florida State,1-Jun,209,4.41,41.5,14,135,6.94,4.18,Jacksonville Jaguars / 1st / 5th pick / 2016,1,5
54,2016,Eric Murray\MurrEr00,CB,Minnesota,11-May,199,4.49,39.5,15,124,7.08,4.05,Kansas City Chiefs / 4th / 106th pick / 2016,4,106
80,2016,Cyrus Jones\JoneCy00,CB,Alabama,10-May,197,4.49,33,10,116,6.71,4.21,New England Patriots / 2nd / 60th pick / 2016,2,60
90,2016,Xavien Howard\HowaXa00,CB,Baylor,1-Jun,201,4.58,33,11,122,7.18,4.15,Miami Dolphins / 2nd / 38th pick / 2016,2,38
110,2016,Sean Davis\DaviSe00,CB,Maryland,1-Jun,201,4.46,37.5,21,126,6.64,3.97,Pittsburgh Steelers / 2nd / 58th pick / 2016,2,58
119,2016,Maurice Canady\CanaMa00,CB,Virginia,1-Jun,193,4.49,38,16,124,7.03,4.09,Baltimore Ravens / 6th / 209th pick / 2016,6,209
125,2016,Juston Burris\BurrJu00,CB,North Carolina State,1-Jun,212,4.53,36.5,19,122,7.1,4.4,New York Jets / 4th / 118th pick / 2016,4,118
131,2016,Anthony Brown\BrowAn02,CB,Purdue,11-May,192,4.33,35,19,115,7.03,4.19,Dallas Cowboys / 6th / 189th pick / 2016,6,189
5,2017,Quincy Wilson\WilsQu01,CB,Florida,1-Jun,211,4.54,32,14,118,6.86,4.02,Indianapolis Colts / 2nd / 46th pick / 2017,2,46
10,2017,TreDavious White\WhitTr01,CB,LSU,11-May,192,4.47,32,16,119,6.9,4.32,Buffalo Bills / 1st / 27th pick / 2017,1,27
29,2017,Cordrea Tankersley\TankCo00,CB,Clemson,1-Jun,199,4.4,29.5,13,121,7,4.32,Miami Dolphins / 3rd / 97th pick / 2017,3,97
50,2017,Jalen Myrick\MyriJa00,CB,Minnesota,10-May,200,4.28,37.5,13,124,7.06,4.22,Jacksonville Jaguars / 7th / 222nd pick / 2017,7,222
94,2017,Shaquill Griffin\GrifSh00,CB,Central Florida,1-Jun,194,4.38,38.5,17,132,6.87,4.14,Seattle Seahawks / 3rd / 90th pick / 2017,3,90
107,2017,Rasul Douglas\DougRa00,CB,West Virginia,2-Jun,209,4.59,33.5,16,120,6.97,4.26,Philadelphia Eagles / 3rd / 99th pick / 2017,3,99
112,2017,Gareon Conley\ConlGa00,CB,Ohio State,1-Jun,195,4.44,37,11,129,6.68,4.18,Oakland Raiders / 1st / 24th pick / 2017,1,24
131,2017,Chidobe Awuzie\AwuzCh00,CB,Colorado,1-Jun,202,4.43,34.5,16,132,6.81,4.14,Dallas Cowboys / 2nd / 60th pick / 2017,2,60
135,2017,Brian Allen\AlleBr01,CB,Utah,3-Jun,215,4.48,34.5,15,117,6.64,4.34,Pittsburgh Steelers / 5th / 173rd pick / 2017,5,173
3,2012,Billy Winn\WinnBi00,DE,Boise State,4-Jun,294,4.86,27,24,107,7.37,4.44,Cleveland Browns / 6th / 205th pick / 2012,6,205
8,2012,Olivier Vernon\VernOl00,DE,Miami (FL),2-Jun,261,4.73,34.5,31,122,7.39,4.5,Miami Dolphins / 3rd / 72nd pick / 2012,3,72
22,2012,Scott Solomon\SoloSc00,DE,Rice,3-Jun,262,4.88,35,34,124,7.17,4.25,Tennessee Titans / 7th / 211th pick / 2012,7,211
39,2012,Nick Perry\PerrNi00,DE,Southern California,3-Jun,271,4.55,38.5,35,124,7.25,4.66,Green Bay Packers / 1st / 28th pick / 2012,1,28
45,2012,Whitney Mercilus\MercWh00,DE,Illinois,4-Jun,261,4.68,32,27,118,7.17,4.53,Houston Texans / 1st / 26th pick / 2012,1,26
64,2012,Chandler Jones\JoneCh03,DE,Syracuse,5-Jun,266,4.77,35,22,120,7.07,4.38,New England Patriots / 1st / 21st pick / 2012,1,21
71,2012,Malik Jackson\JackMa02,DE,Tennessee,5-Jun,284,4.85,28,25,105,7.38,4.41,Denver Broncos / 5th / 137th pick / 2012,5,137
102,2012,Tyrone Crawford\CrawTy00,DE,Boise State,4-Jun,275,4.82,33,28,113,7.09,4.44,Dallas Cowboys / 3rd / 81st pick / 2012,3,81
105,2012,Quinton Coples\CoplQu00,DE,North Carolina,6-Jun,284,4.69,31.5,25,109,7.57,4.78,New York Jets / 1st / 16th pick / 2012,1,16
117,2012,Andre Branch\BranAn00,DE,Clemson,4-Jun,259,4.67,32.5,19,120,7.19,4.25,Jacksonville Jaguars / 2nd / 38th pick / 2012,2,38
15,2013,Bjoern Werner\WernBj00,DE,Florida State,3-Jun,266,4.83,31,25,111,7.3,4.4,Indianapolis Colts / 1st / 24th pick / 2013,1,24
27,2013,Devin Taylor\TaylDe00,DE,South Carolina,7-Jun,266,4.72,35,14,128,6.89,4.3,Detroit Lions / 4th / 132nd pick / 2013,4,132
84,2013,Corey Lemonier\LemoCo00,DE,Auburn,3-Jun,255,4.6,33,27,119,7.14,4.4,San Francisco 49ers / 3rd / 88th pick / 2013,3,88
85,2013,Joe Kruger\KrugJo00,DE,Utah,6-Jun,269,4.83,34,24,117,7.17,4.46,Philadelphia Eagles / 7th / 212th pick / 2013,7,212
91,2013,Datone Jones\JoneDa03,DE,UCLA,4-Jun,283,4.8,31.5,29,112,7.32,4.32,Green Bay Packers / 1st / 26th pick / 2013,1,26
102,2013,Margus Hunt\HuntMa00,DE,Southern Methodist,8-Jun,277,4.62,34.5,38,121,7.07,4.51,Cincinnati Bengals / 2nd / 53rd pick / 2013,2,53
117,2013,William Gholston\GholWi00,DE,Michigan State,6-Jun,281,4.96,28.5,23,110,7.2,4.59,Tampa Bay Buccaneers / 4th / 126th pick / 2013,4,126
131,2013,Michael Buchanan\BuchMi00,DE,Illinois,5-Jun,255,4.78,33,22,113,6.91,4.44,New England Patriots / 7th / 226th pick / 2013,7,226
138,2013,David Bass\BassDa00,DE,Missouri Western,4-Jun,262,4.84,30.5,20,111,7.07,4.33,Oakland Raiders / 7th / 233rd pick / 2013,7,233
143,2013,Ziggy Ansah\AnsaEz00,DE,BYU,5-Jun,271,4.56,34.5,21,118,7.11,4.26,Detroit Lions / 1st / 5th pick / 2013,1,5
27,2014,Marcus Smith\SmitMa03,DE,Louisville,3-Jun,251,4.66,35,23,121,7.48,4.47,Philadelphia Eagles / 1st / 26th pick / 2014,1,26
33,2014,Michael Sam\SamxMi00,DE,Missouri,2-Jun,261,4.91,25.5,17,114,7.8,4.7,St. Louis Rams / 7th / 249th pick / 2014,7,249
53,2014,Trent Murphy\MurpTr00,DE,Stanford,5-Jun,250,4.86,35.5,19,118,6.78,4.2,Washington Redskins / 2nd / 47th pick / 2014,2,47
56,2014,Zach Moore\MoorZa00,DE,Concordia (MN),5-Jun,269,4.84,33.5,23,123,7.41,4.46,New England Patriots / 6th / 198th pick / 2014,6,198
63,2014,Kareem Martin\MartKa00,DE,North Carolina,6-Jun,272,4.72,35.5,22,129,7.2,4.33,Arizona Cardinals / 3rd / 84th pick / 2014,3,84
64,2014,Cassius Marsh\MarsCa00,DE,UCLA,4-Jun,252,4.89,32,14,108,7.08,4.25,Seattle Seahawks / 4th / 108th pick / 2014,4,108
74,2014,Demarcus Lawrence\LawrDe00,DE,Boise State,3-Jun,251,4.8,34.5,20,113,7.46,4.31,Dallas Cowboys / 2nd / 34th pick / 2014,2,34
111,2014,I.K. Enemkpali\EnemIK00,DE,Louisiana Tech,1-Jun,261,4.86,34,28,112,7.67,4.65,New York Jets / 6th / 210th pick / 2014,6,210
115,2014,Kony Ealy\EalyKo00,DE,Missouri,4-Jun,273,4.92,31,22,114,6.83,4.45,Carolina Panthers / 2nd / 60th pick / 2014,2,60
123,2014,Scott Crichton\CricSc00,DE,Oregon State,3-Jun,273,4.84,31.5,24,108,7.19,4.29,Minnesota Vikings / 3rd / 72nd pick / 2014,3,72
127,2014,Jadeveon Clowney\ClowJa00,DE,South Carolina,5-Jun,266,4.53,37.5,21,124,7.27,4.43,Houston Texans / 1st / 1st pick / 2014,1,1
129,2014,Will Clarke\ClarWi00,DE,West Virginia,6-Jun,271,4.77,32,22,112,7.26,4.57,Cincinnati Bengals / 3rd / 88th pick / 2014,3,88
21,2015,Za'Darius Smith\SmitZa00,DE,Kentucky,4-Jun,274,4.83,29,23,113,7.42,4.66,Baltimore Ravens / 4th / 122nd pick / 2015,4,122
23,2015,Preston Smith\SmitPr00,DE,Mississippi State,5-Jun,271,4.74,34,24,121,7.07,4.28,Washington Redskins / 2nd / 38th pick / 2015,2,38
32,2015,Ryan Russell\RussRy00,DE,Purdue,4-Jun,269,4.75,32.5,25,119,7.25,4.47,Dallas Cowboys / 5th / 163rd pick / 2015,5,163
54,2015,Owamagbe Odighizuwa\OdigOw00,DE,UCLA,3-Jun,267,4.62,39,25,127,7.36,4.19,New York Giants / 3rd / 74th pick / 2015,3,74
76,2015,Martin Ifedi\IfedMa00,DE,Memphis,3-Jun,275,4.88,31,16,111,7.39,4.58,St. Louis Rams / 7th / 227th pick / 2015,7,227
89,2015,Obum Gwacham\GwacOb00,DE,Oregon State,5-Jun,246,4.72,36,22,121,7.28,4.28,Seattle Seahawks / 6th / 209th pick / 2015,6,209
101,2015,Trey Flowers\FlowTr00,DE,Arkansas,2-Jun,266,4.93,36.5,28,121,7.34,4.4,New England Patriots / 4th / 101st pick / 2015,4,101
105,2015,Mario Edwards Jr.\EdwaMa01,DE,Florida State,3-Jun,279,4.76,32.5,32,120,7.44,4.55,Oakland Raiders / 2nd / 35th pick / 2015,2,35
126,2015,Frank Clark\ClarFr01,DE,Michigan,3-Jun,271,4.79,38.5,19,118,7.08,4.05,Seattle Seahawks / 2nd / 63rd pick / 2015,2,63
128,2015,Anthony Chickillo\ChicAn00,DE,Miami (FL),3-Jun,267,4.79,34.5,27,114,7.17,4.25,Pittsburgh Steelers / 6th / 212th pick / 2015,6,212
139,2015,Arik Armstead\ArmsAr01,DE,Oregon,7-Jun,292,5.06,34,24,117,7.57,4.53,San Francisco 49ers / 1st / 17th pick / 2015,1,17
19,2016,Noah Spence\SpenNo00,DE,Eastern Kentucky,2-Jun,251,4.8,35,25,121,7.21,4.35,Tampa Bay Buccaneers / 2nd / 39th pick / 2016,2,39
45,2016,Emmanuel Ogbah\OgbaEm00,DE,Oklahoma State,4-Jun,273,4.63,35.5,20,121,7.26,4.5,Cleveland Browns / 2nd / 32nd pick / 2016,2,32
49,2016,Dadi Nicolas\NicoDa00,DE,Virginia Tech,3-Jun,235,4.74,41,14,116,7.04,4.38,Kansas City Chiefs / 6th / 203rd pick / 2016,6,203
50,2016,Yannick Ngakoue\NgakYa00,DE,Maryland,2-Jun,252,4.75,34.5,26,118,7.35,4.5,Jacksonville Jaguars / 3rd / 69th pick / 2016,3,69
53,2016,Carl Nassib\NassCa00,DE,Penn State,7-Jun,277,4.84,28.5,21,114,7.27,4.37,Cleveland Browns / 3rd / 65th pick / 2016,3,65
65,2016,Dean Lowry\LowrDe00,DE,Northwestern,6-Jun,296,4.87,32.5,30,114,7.26,4.38,Green Bay Packers / 4th / 137th pick / 2016,4,137
75,2016,Bronson Kaufusi\KaufBr01,DE,Brigham Young,6-Jun,285,4.87,30,25,111,7.03,4.25,Baltimore Ravens / 3rd / 70th pick / 2016,3,70
122,2016,Shilique Calhoun\CalhSh00,DE,Michigan State,4-Jun,251,4.82,35,23,115,6.97,4.25,Oakland Raiders / 3rd / 75th pick / 2016,3,75
127,2016,Jonathan Bullard\BullJo00,DE,Florida,3-Jun,285,4.93,32,23,116,7.31,4.56,Chicago Bears / 3rd / 72nd pick / 2016,3,72
133,2016,Joey Bosa\BosaJo00,DE,Ohio State,5-Jun,269,4.86,32,24,120,6.89,4.21,San Diego Chargers / 1st / 3rd pick / 2016,1,3
136,2016,Ronald Blair\BlaiRo00,DE,Appalachian State,2-Jun,284,5.15,30,32,113,7.95,4.53,San Francisco 49ers / 5th / 142nd pick / 2016,5,142
9,2017,Jordan Willis\WillJo09,DE,Kansas State,4-Jun,255,4.53,39,24,125,6.85,4.28,Cincinnati Bengals / 3rd / 73rd pick / 2017,3,73
26,2017,Solomon Thomas\ThomSo00,DE,Stanford,3-Jun,273,4.69,35,30,126,6.95,4.28,San Francisco 49ers / 1st / 3rd pick / 2017,1,3
46,2017,Ifeadi Odenigbo\OdenIf00,DE,Northwestern,3-Jun,258,4.72,31.5,25,128,7.26,4.4,Minnesota Vikings / 7th / 220th pick / 2017,7,220
51,2017,Al-Quadin Muhammad\MuhaAl00,DE,Miami (FL),3-Jun,253,4.88,30.5,22,117,7.25,4.47,New Orleans Saints / 6th / 196th pick / 2017,6,196
66,2017,Carl Lawson\LawsCa00,DE,Auburn,2-Jun,261,4.67,33,35,114,7.46,4.19,Cincinnati Bengals / 4th / 116th pick / 2017,4,116
91,2017,Charles Harris\HarrCh03,DE,Missouri,3-Jun,253,4.82,32,21,109,7.47,4.42,Miami Dolphins / 1st / 22nd pick / 2017,1,22
92,2017,Daeshon Hall\HallDa01,DE,Texas A&M,5-Jun,266,4.76,36,18,123,7.03,4.38,Carolina Panthers / 3rd / 77th pick / 2017,3,77
115,2017,Taco Charlton\CharTa00,DE,Michigan,6-Jun,277,4.92,33,25,116,7.17,4.39,Dallas Cowboys / 1st / 28th pick / 2017,1,28
116,2017,Josh Carraway\CarrJo00,DE,Texas Christian,3-Jun,242,4.74,29.5,25,120,7.2,4.44,Tennessee Titans / 7th / 227th pick / 2017,7,227
127,2017,Tarell Basham\BashTa00,DE,Ohio,4-Jun,269,4.7,31.5,15,119,7.27,4.35,Indianapolis Colts / 3rd / 80th pick / 2017,3,80
2,2012,Derek Wolfe\WolfDe00,DT,Cincinnati,5-Jun,295,4.93,33.5,33,108,7.26,4.44,Denver Broncos / 2nd / 36th pick / 2012,2,36
14,2012,Brandon Thompson\ThomBr01,DT,Clemson,2-Jun,314,5.2,31,35,100,7.97,4.71,Cincinnati Bengals / 3rd / 93rd pick / 2012,3,93
17,2012,J.R. Sweezy\SweeJ.00,DT,North Carolina State,5-Jun,298,4.97,36,21,113,7.4,4.41,Seattle Seahawks / 7th / 225th pick / 2012,7,225
31,2012,Kendall Reyes\ReyeKe00,DT,Connecticut,4-Jun,299,4.82,34.5,36,113,7.43,4.53,San Diego Chargers / 2nd / 49th pick / 2012,2,49
32,2012,Kheeston Randall\RandKh00,DT,Texas,5-Jun,293,5,34,28,111,7.49,4.84,Miami Dolphins / 7th / 215th pick / 2012,7,215
37,2012,Dontari Poe\PoexDo00,DT,Memphis,3-Jun,346,4.89,29.5,44,105,7.9,4.56,Kansas City Chiefs / 1st / 11th pick / 2012,1,11
52,2012,Mike Martin\MartMi01,DT,Michigan,1-Jun,306,4.8,33.5,36,113,7.19,4.25,Tennessee Titans / 3rd / 82nd pick / 2012,3,82
59,2012,Markus Kuhn\KuhnMa00,DT,North Carolina State,5-Jun,299,4.87,34.5,28,112,7.43,4.41,New York Giants / 7th / 239th pick / 2012,7,239
79,2012,Jaye Howard\HowaJa00,DT,Florida,3-Jun,301,4.78,27.5,24,106,7.32,4.47,Seattle Seahawks / 4th / 114th pick / 2012,4,114
104,2012,Fletcher Cox\CoxxFl00,DT,Mississippi State,4-Jun,298,4.77,26,30,103,7.07,4.53,Philadelphia Eagles / 1st / 12th pick / 2012,1,12
7,2013,Sylvester Williams\WillSy00,DT,North Carolina,3-Jun,313,5.03,26.5,27,102,7.93,4.8,Denver Broncos / 1st / 28th pick / 2013,1,28
10,2013,Nicholas Williams\WillNi01,DT,Samford,4-Jun,309,4.94,33,28,111,7.55,4.65,Pittsburgh Steelers / 7th / 223rd pick / 2013,7,223
13,2013,Brandon Williams\WillBr02,DT,Missouri Southern,1-Jun,335,5.37,29.5,38,102,8.09,4.91,Baltimore Ravens / 3rd / 94th pick / 2013,3,94
36,2013,Akeem Spence\SpenAk00,DT,Illinois,1-Jun,307,5.15,30,37,107,7.82,4.72,Tampa Bay Buccaneers / 4th / 100th pick / 2013,4,100
38,2013,Jared Smith\SmitJa02,DT,New Hampshire,3-Jun,302,5.08,32.5,28,115,7.2,4.39,Seattle Seahawks / 7th / 241st pick / 2013,7,241
80,2013,Bennie Logan\LogaBe00,DT,LSU,2-Jun,309,5.08,25,30,104,7.53,4.67,Philadelphia Eagles / 3rd / 67th pick / 2013,3,67
103,2013,Montori Hughes\HughMo00,DT,Tennessee-Martin,4-Jun,329,5.23,26.5,22,104,7.85,4.7,Indianapolis Colts / 5th / 139th pick / 2013,5,139
106,2013,Jordan Hill\HillJo01,DT,Penn State,1-Jun,303,5.23,22.5,28,103,7.49,4.51,Seattle Seahawks / 3rd / 87th pick / 2013,3,87
124,2013,Everett Dawkins\DawkEv00,DT,Florida State,2-Jun,292,5.06,30,23,103,7.61,4.88,Minnesota Vikings / 7th / 229th pick / 2013,7,229
135,2013,Josh Boyd\BoydJo00,DT,Mississippi State,3-Jun,310,5.14,26.5,32,104,7.16,4.64,Green Bay Packers / 5th / 167th pick / 2013,5,167
16,2014,Khyri Thornton\ThorKh00,DT,Southern Miss,3-Jun,304,5.03,29,28,112,7.83,4.76,Green Bay Packers / 3rd / 85th pick / 2014,3,85
19,2014,Will Sutton\SuttWi00,DT,Arizona State,1-Jun,303,5.36,28.5,24,99,7.93,4.82,Chicago Bears / 3rd / 82nd pick / 2014,3,82
39,2014,Caraun Reid\ReidCa00,DT,Princeton,2-Jun,302,4.91,26.5,20,106,7.59,4.58,Detroit Lions / 5th / 158th pick / 2014,5,158
81,2014,DaQuan Jones\JoneDa04,DT,Penn State,4-Jun,322,5.35,27.5,25,101,7.73,4.78,Tennessee Titans / 4th / 112th pick / 2014,4,112
99,2014,Ra'Shede Hageman\HageRa00,DT,Minnesota,6-Jun,310,4.92,35.5,32,114,7.87,4.5,Atlanta Falcons / 2nd / 37th pick / 2014,2,37
112,2014,Justin Ellis\ElliJu01,DT,Louisiana Tech,1-Jun,334,5.27,28,25,92,7.81,4.75,Oakland Raiders / 4th / 107th pick / 2014,4,107
117,2014,Aaron Donald\DonaAa00,DT,Pittsburgh,1-Jun,285,4.68,32,35,116,7.11,4.39,St. Louis Rams / 1st / 13th pick / 2014,1,13
132,2014,Ryan Carrethers\CarrRy00,DT,Arkansas State,1-Jun,337,5.47,26,32,88,7.89,4.6,San Diego Chargers / 5th / 165th pick / 2014,5,165
138,2014,Jay Bromley\BromJa00,DT,Syracuse,3-Jun,306,5.06,33.5,26,106,7.92,4.78,New York Giants / 3rd / 74th pick / 2014,3,74
1,2015,Gabe Wright\WrigGa00,DT,Auburn,3-Jun,300,5.07,26.5,34,100,7.73,4.56,Detroit Lions / 4th / 113th pick / 2015,4,113
11,2015,Leterrius Walton\WaltLe00,DT,Central Michigan,5-Jun,319,5.25,27,25,103,7.91,4.78,Pittsburgh Steelers / 6th / 199th pick / 2015,6,199
26,2015,Deon Simon\SimoDe00,DT,Northwestern State,4-Jun,321,5.12,29.5,35,105,7.92,4.76,New York Jets / 7th / 223rd pick / 2015,7,223
28,2015,Danny Shelton\ShelDa01,DT,Washington,2-Jun,339,5.64,30.5,34,95,7.99,4.65,Cleveland Browns / 1st / 12th pick / 2015,1,12
45,2015,Jordan Phillips\PhilJo01,DT,Oklahoma,5-Jun,329,5.17,30,28,105,7.88,4.68,Miami Dolphins / 2nd / 52nd pick / 2015,2,52
56,2015,Rakeem Nunez-Roches\NuneRa00,DT,Nebraska,2-Jun,307,5.02,34,26,114,7.67,4.69,Kansas City Chiefs / 6th / 217th pick / 2015,6,217
75,2015,Grady Jarrett\JarrGr00,DT,Clemson,1-Jun,304,5.06,31,30,112,7.37,4.56,Atlanta Falcons / 5th / 137th pick / 2015,5,137
115,2015,Tyeler Davison\DaviTy01,DT,Fresno State,2-Jun,316,5.18,33,32,105,7.53,4.46,New Orleans Saints / 5th / 154th pick / 2015,5,154
122,2015,Xavier Cooper\CoopXa00,DT,Washington State,3-Jun,293,4.86,29,29,110,7.23,4.37,Cleveland Browns / 3rd / 96th pick / 2015,3,96
132,2015,Malcom Brown\BrowMa01,DT,Texas,2-Jun,319,5.05,29.5,26,98,7.84,4.59,New England Patriots / 1st / 32nd pick / 2015,1,32
134,2015,Angelo Blackson\BlacAn00,DT,Auburn,4-Jun,318,5.02,31,20,101,7.5,4.57,Tennessee Titans / 4th / 100th pick / 2015,4,100
1,2016,Anthony Zettel\ZettAn00,DT,Penn State,4-Jun,277,4.81,30.5,28,109,7.63,4.39,Detroit Lions / 6th / 202nd pick / 2016,6,202
9,2016,Adolphus Washington\WashAd00,DT,Ohio State,3-Jun,301,5.17,27,21,99,8.06,4.79,Buffalo Bills / 3rd / 80th pick / 2016,3,80
10,2016,Jihad Ward\WardJi02,DT,Illinois,5-Jun,297,5.11,25,20,111,7.38,4.63,Oakland Raiders / 2nd / 44th pick / 2016,2,44
12,2016,Vincent Valentine\ValeVi00,DT,Nebraska,4-Jun,329,5.19,29,17,110,8.03,4.59,New England Patriots / 3rd / 96th pick / 2016,3,96
28,2016,A'Shawn Robinson\RobiAS00,DT,Alabama,4-Jun,307,5.2,26,22,106,7.8,4.74,Detroit Lions / 2nd / 46th pick / 2016,2,46
29,2016,Hassan Ridgeway\RidgHa00,DT,Texas,3-Jun,303,5.02,32,24,113,8.28,4.82,Indianapolis Colts / 4th / 116th pick / 2016,4,116
32,2016,D.J. Reader\ReadD.00,DT,Clemson,3-Jun,327,5.33,29.5,30,99,7.9,4.71,Houston Texans / 5th / 166th pick / 2016,5,166
33,2016,Sheldon Rankins\RankSh00,DT,Louisville,1-Jun,299,5.03,34.5,28,118,7.44,4.59,New Orleans Saints / 1st / 12th pick / 2016,1,12
81,2016,Chris Jones\JoneCh09,DT,Mississippi State,6-Jun,310,5.03,24.5,26,106,7.44,4.62,Kansas City Chiefs / 2nd / 37th pick / 2016,2,37
83,2016,Austin Johnson\JohnAu01,DT,Penn State,4-Jun,314,5.32,26,25,96,7.84,4.75,Tennessee Titans / 2nd / 43rd pick / 2016,2,43
89,2016,Matt Ioannidis\IoanMa01,DT,Temple,3-Jun,299,5.03,28,32,108,7.78,4.71,Washington Redskins / 5th / 152nd pick / 2016,5,152
91,2016,Willie Henry\HenrWi00,DT,Michigan,3-Jun,303,5,30.5,28,110,7.57,4.53,Baltimore Ravens / 4th / 132nd pick / 2016,4,132
109,2016,Sheldon Day\DayxSh00,DT,Notre Dame,1-Jun,293,5.07,30,21,102,7.44,4.5,Jacksonville Jaguars / 4th / 103rd pick / 2016,4,103
115,2016,Maliek Collins\CollMa00,DT,Nebraska,2-Jun,311,5.03,29.5,25,109,7.53,4.52,Dallas Cowboys / 3rd / 67th pick / 2016,3,67
123,2016,Vernon Butler\ButlVe00,DT,Louisiana Tech,4-Jun,323,5.33,29.5,26,104,7.82,4.76,Carolina Panthers / 1st / 30th pick / 2016,1,30
137,2016,Andrew Billings\BillAn00,DT,Baylor,1-Jun,311,5.05,27.5,31,113,8.05,4.82,Cincinnati Bengals / 4th / 122nd pick / 2016,4,122
18,2017,Eddie Vanderdoes\VandEd00,DT,UCLA,3-Jun,305,4.99,28.5,28,111,7.69,4.39,Oakland Raiders / 3rd / 88th pick / 2017,3,88
21,2017,Stevie Tu'Ikolovatu\TuikSt00,DT,Southern California,1-Jun,331,5.45,24.5,28,91,7.83,5,Tampa Bay Buccaneers / 7th / 223rd pick / 2017,7,223
27,2017,Vincent Taylor\TaylVi00,DT,Oklahoma State,3-Jun,304,5.07,28.5,26,108,7.58,4.72,Miami Dolphins / 6th / 194th pick / 2017,6,194
34,2017,Tanzel Smart\SmarTa00,DT,Tulane,1-Jun,296,5.24,27,22,105,7.53,4.57,Los Angeles Rams / 6th / 189th pick / 2017,6,189
42,2017,Elijah Qualls\QualEl00,DT,Washington,1-Jun,313,5.13,31.5,33,105,7.65,4.66,Philadelphia Eagles / 6th / 214th pick / 2017,6,214
57,2017,Malik McDowell\McDoMa00,DT,Michigan State,6-Jun,295,4.85,28.5,23,112,7.69,4.53,Seattle Seahawks / 2nd / 35th pick / 2017,2,35
65,2017,Jeremiah Ledbetter\LedbJe00,DT,Arkansas,3-Jun,280,4.84,32.5,29,113,7.55,4.56,Detroit Lions / 6th / 205th pick / 2017,6,205
78,2017,Jaleel Johnson\JohnJa09,DT,Iowa,3-Jun,316,5.38,28,19,100,7.64,4.62,Minnesota Vikings / 4th / 109th pick / 2017,4,109
96,2017,Ryan Glasgow\GlasRy00,DT,Michigan,3-Jun,302,5.13,27.5,20,105,7.55,4.5,Cincinnati Bengals / 4th / 138th pick / 2017,4,138
121,2017,Caleb Brantley\BranCa00,DT,Florida,3-Jun,307,5.14,27,21,105,7.66,4.62,Cleveland Browns / 6th / 185th pick / 2017,6,185
134,2017,Jonathan Allen\AlleJo01,DT,Alabama,3-Jun,286,5,30,21,108,7.49,4.5,Washington Redskins / 1st / 17th pick / 2017,1,17
136,2017,Montravius Adams\AdamMo00,DT,Auburn,4-Jun,304,4.87,29,22,108,7.62,4.89,Green Bay Packers / 3rd / 93rd pick / 2017,3,93
13,2012,Christian Thompson\ThomCh01,FS,South Carolina State,1-Jun,211,4.42,31.5,18,122,7.33,4.13,Baltimore Ravens / 4th / 130th pick / 2012,4,130
75,2012,George Iloka\IlokGe00,FS,Boise State,4-Jun,225,4.6,34.5,20,124,7.03,4.03,Cincinnati Bengals / 5th / 167th pick / 2012,5,167
122,2012,Justin Bethel\BethJu00,FS,Presbyterian,1-Jun,200,4.52,39.5,19,131,6.79,4.3,Arizona Cardinals / 6th / 177th pick / 2012,6,177
19,2013,Kenny Vaccaro\VaccKe00,FS,Texas,1-Jun,214,4.63,38,15,121,6.78,4.06,New Orleans Saints / 1st / 15th pick / 2013,1,15
30,2013,D.J. Swearinger\SweaDJ00,FS,South Carolina,10-May,208,4.67,37,17,124,6.7,4.11,Houston Texans / 2nd / 57th pick / 2013,2,57
50,2013,Eric Reid\ReidEr00,FS,LSU,1-Jun,213,4.53,40.5,17,134,6.99,4.22,San Francisco 49ers / 1st / 18th pick / 2013,1,18
71,2013,T.J. McDonald\McDoTJ00,FS,Southern California,2-Jun,219,4.59,40,19,131,6.89,4.2,St. Louis Rams / 3rd / 71st pick / 2013,3,71
92,2014,Marqueston Huff\HuffMa00,FS,Wyoming,11-May,196,4.49,35.5,15,118,7.26,4.19,Tennessee Titans / 4th / 122nd pick / 2014,4,122
116,2014,Jonathan Dowling\DowlJo00,FS,Western Kentucky,3-Jun,190,4.52,33.5,8,118,7.04,4.24,Oakland Raiders / 7th / 247th pick / 2014,7,247
128,2014,Ha Ha Clinton-Dix\ClinHa00,FS,Alabama,1-Jun,208,4.58,33,11,119,7.16,4.16,Green Bay Packers / 1st / 21st pick / 2014,1,21
41,2015,Damarious Randall\RandDa00,FS,Arizona State,11-May,196,4.46,38,14,120,6.83,4.07,Green Bay Packers / 1st / 30th pick / 2015,1,30
15,2016,Darian Thompson\ThomDa05,FS,Boise State,2-Jun,208,4.69,32.5,12,118,7.26,4.33,New York Giants / 3rd / 71st pick / 2016,3,71
22,2016,Justin Simmons\SimmJu00,FS,Boston College,2-Jun,202,4.61,40,16,126,6.58,3.85,Denver Broncos / 3rd / 98th pick / 2016,3,98
87,2017,Delano Hill\HillDe02,FS,Michigan,1-Jun,216,4.47,33.5,17,115,6.96,4.27,Seattle Seahawks / 3rd / 95th pick / 2017,3,95
114,2017,Chuck Clark\ClarCh00,FS,Virginia Tech,1-Jun,208,4.54,34,16,122,6.85,4.07,Baltimore Ravens / 6th / 186th pick / 2017,6,186
130,2017,Budda Baker\BakeBu00,FS,Washington,10-May,195,4.45,32.5,15,115,6.76,4.08,Arizona Cardinals / 2nd / 36th pick / 2017,2,36
47,2012,Caleb McSurdy\McSuCa00,ILB,Montana,1-Jun,245,4.82,30,26,110,7.26,4.28,Dallas Cowboys / 7th / 222nd pick / 2012,7,222
60,2012,Luke Kuechly\KuecLu00,ILB,Boston College,3-Jun,242,4.58,38,27,123,6.92,4.12,Carolina Panthers / 1st / 9th pick / 2012,1,9
68,2012,James-Michael Johnson\JohnJa04,ILB,Nevada,1-Jun,241,4.6,37,23,124,7.34,4.37,Cleveland Browns / 4th / 120th pick / 2012,4,120
106,2012,Audie Cole\ColeAu00,ILB,North Carolina State,4-Jun,246,4.76,35,15,114,6.96,4.29,Minnesota Vikings / 7th / 210th pick / 2012,7,210
110,2012,Tank Carder\CardTa00,ILB,TCU,2-Jun,236,4.58,34.5,19,121,6.89,4.18,Buffalo Bills / 5th / 147th pick / 2012,5,147
108,2013,Brandon Hepburn\HepbBr00,ILB,Florida A&M,2-Jun,240,4.68,32,21,124,7.4,4.55,Detroit Lions / 7th / 245th pick / 2013,7,245
137,2013,Steve Beauharnais\BeauSt00,ILB,Rutgers,1-Jun,240,4.84,33,19,118,6.99,4.2,New England Patriots / 7th / 235th pick / 2013,7,235
3,2014,Avery Williamson\WillAv00,ILB,Kentucky,1-Jun,246,4.66,30.5,25,120,7.11,4.07,Tennessee Titans / 5th / 151st pick / 2014,5,151
135,2014,Preston Brown\BrowPr00,ILB,Louisville,1-Jun,251,4.86,33,23,116,6.98,4.26,Buffalo Bills / 3rd / 73rd pick / 2014,3,73
142,2014,Chris Borland\BorlCh00,ILB,Wisconsin,11-May,248,4.83,31,27,114,7.18,4.27,San Francisco 49ers / 3rd / 77th pick / 2014,3,77
146,2014,Lamin Barrow\BarrLa00,ILB,LSU,1-Jun,237,4.64,35,22,123,7.24,4.35,Denver Broncos / 5th / 156th pick / 2014,5,156
4,2015,Damien Wilson\WilsDa02,ILB,Minnesota,1-Jun,245,4.77,37,22,119,7.21,4.2,Dallas Cowboys / 4th / 127th pick / 2015,4,127
42,2015,Hayes Pullard\PullHa00,ILB,Southern California,1-Jun,240,4.78,31,19,110,7.07,4.39,Cleveland Browns / 7th / 219th pick / 2015,7,219
58,2015,Benardrick McKinney\McKiBe00,ILB,Mississippi State,4-Jun,246,4.66,40.5,16,121,7.21,4.27,Houston Texans / 2nd / 43rd pick / 2015,2,43
82,2015,Amarlo Herrera\HerrAm00,ILB,Georgia,1-Jun,244,4.83,32,23,111,7.35,4.27,Indianapolis Colts / 6th / 207th pick / 2015,6,207
83,2015,Ben Heeney\HeenBe00,ILB,Kansas,1-Jun,231,4.59,33.5,19,120,6.68,4,Oakland Raiders / 5th / 140th pick / 2015,5,140
87,2015,Bryce Hager\HageBr00,ILB,Baylor,1-Jun,234,4.6,35,26,117,7.15,4.36,St. Louis Rams / 7th / 224th pick / 2015,7,224
140,2015,Stephone Anthony\AnthSt00,ILB,Clemson,3-Jun,243,4.56,37,23,122,7.07,4.03,New Orleans Saints / 1st / 31st pick / 2015,1,31
61,2016,Blake Martinez\MartBl01,ILB,Stanford,2-Jun,237,4.71,28.5,22,113,6.98,4.2,Green Bay Packers / 4th / 131st pick / 2016,4,131
72,2016,Nick Kwiatkoski\KwiaNi00,ILB,West Virginia,2-Jun,243,4.73,32,19,120,7.16,4.22,Chicago Bears / 4th / 113th pick / 2016,4,113
111,2016,Steven Daniels\DaniSt00,ILB,Boston College,11-May,243,4.86,32,16,112,7.33,4.54,Washington Redskins / 7th / 232nd pick / 2016,7,232
16,2017,Anthony Walker Jr.\WalkAn01,ILB,Northwestern,1-Jun,238,4.65,30.5,23,116,7.23,4.34,Indianapolis Colts / 5th / 161st pick / 2017,5,161
55,2017,Raekwon McMillan\McMiRa02,ILB,Ohio State,2-Jun,240,4.61,33,23,121,7.15,4.39,Miami Dolphins / 2nd / 54th pick / 2017,2,54
98,2017,Ben Gedeon\GedeBe00,ILB,Michigan,2-Jun,244,4.75,34.5,27,119,6.98,4.13,Minnesota Vikings / 4th / 120th pick / 2017,4,120
4,2012,Kyle Wilber\WilbKy00,OLB,Wake Forest,4-Jun,249,4.73,33.5,25,117,7.11,4.31,Dallas Cowboys / 4th / 113th pick / 2012,4,113
5,2012,Tahir Whitehead\WhitTa00,OLB,Temple,1-Jun,233,4.62,37,21,124,7.14,4.37,Detroit Lions / 5th / 138th pick / 2012,5,138
18,2012,Nathan Stupar\StupNa01,OLB,Penn State,2-Jun,241,4.65,31,21,116,6.84,4.28,Oakland Raiders / 7th / 230th pick / 2012,7,230
21,2012,Sean Spence\SpenSe00,OLB,Miami (FL),11-May,231,4.66,33.5,12,119,7.46,4.28,Pittsburgh Steelers / 3rd / 86th pick / 2012,3,86
50,2012,Shea McClellin\McClSh00,OLB,Boise State,3-Jun,260,4.62,31.5,19,118,7.07,4.33,Chicago Bears / 1st / 19th pick / 2012,1,19
51,2012,Jonathan Massaquoi\MassJo00,OLB,Troy,2-Jun,264,4.81,33.5,20,120,7.38,4.53,Atlanta Falcons / 5th / 164th pick / 2012,5,164
54,2012,Brandon Marshall\MarsBr01,OLB,Nevada,1-Jun,242,4.72,30.5,28,108,7.05,4.09,Jacksonville Jaguars / 5th / 142nd pick / 2012,5,142
55,2012,Terrell Manning\MannTe00,OLB,North Carolina State,2-Jun,237,4.71,32.5,22,114,7.18,4.43,Green Bay Packers / 5th / 163rd pick / 2012,5,163
58,2012,Ronnell Lewis\LewiRo02,OLB,Oklahoma,2-Jun,253,4.65,31,36,112,7.09,4.4,Detroit Lions / 4th / 125th pick / 2012,4,125
73,2012,Bruce Irvin\IrviBr00,OLB,West Virginia,3-Jun,245,4.41,33.5,23,123,6.7,4.03,Seattle Seahawks / 1st / 15th pick / 2012,1,15
74,2012,Melvin Ingram\IngrMe00,OLB,South Carolina,1-Jun,264,4.69,34.5,28,109,6.83,4.18,San Diego Chargers / 1st / 18th pick / 2012,1,18
95,2012,Darius Fleming\FlemDa00,OLB,Notre Dame,2-Jun,245,4.71,33.5,27,114,7.03,4.28,San Francisco 49ers / 5th / 165th pick / 2012,5,165
97,2012,Lavonte David\DaviLa00,OLB,Nebraska,1-Jun,233,4.57,36.5,19,119,7.28,4.22,Tampa Bay Buccaneers / 2nd / 58th pick / 2012,2,58
98,2012,Demario Davis\DaviDe00,OLB,Arkansas State,2-Jun,235,4.49,38.5,32,124,7.19,4.28,New York Jets / 3rd / 77th pick / 2012,3,77
118,2012,Nigel Bradham\BradNi00,OLB,Florida State,2-Jun,241,4.56,37,24,121,7.18,4.37,Buffalo Bills / 4th / 105th pick / 2012,4,105
54,2013,Ty Powell\PoweTy00,OLB,Harding,2-Jun,249,4.64,37,28,122,6.98,4.4,Seattle Seahawks / 7th / 231st pick / 2013,7,231
58,2013,Alec Ogletree\OgleAl00,OLB,Georgia,2-Jun,242,4.7,33.5,20,122,7.16,4.39,St. Louis Rams / 1st / 30th pick / 2013,1,30
60,2013,Sio Moore\MoorSi00,OLB,Connecticut,1-Jun,245,4.65,38,29,127,7.49,4.31,Oakland Raiders / 3rd / 66th pick / 2013,3,66
104,2013,DeVonte Holloman\HollDe01,OLB,South Carolina,1-Jun,243,4.76,33,15,113,7.3,4.26,Dallas Cowboys / 6th / 185th pick / 2013,6,185
113,2013,Khaseem Greene\GreeKh00,OLB,Rutgers,1-Jun,241,4.71,30,17,116,7.58,4.2,Chicago Bears / 4th / 117th pick / 2013,4,117
115,2013,Zaviar Gooden\GoodZa00,OLB,Missouri,1-Jun,234,4.47,34,27,131,6.71,4.18,Tennessee Titans / 3rd / 97th pick / 2013,3,97
128,2013,Jamie Collins\CollJa00,OLB,Southern Miss,3-Jun,250,4.64,41.5,19,139,7.1,4.32,New England Patriots / 2nd / 52nd pick / 2013,2,52
136,2013,Jon Bostic\BostJo00,OLB,Florida,1-Jun,245,4.59,32.5,22,118,6.99,4.24,Chicago Bears / 2nd / 50th pick / 2013,2,50
11,2014,Kyle Van Noy\VanNKy00,OLB,BYU,3-Jun,243,4.71,32.5,21,112,7.22,4.2,Detroit Lions / 2nd / 40th pick / 2014,2,40
15,2014,Jordan Tripp\TripJo00,OLB,Montana,3-Jun,234,4.67,37.5,22,120,6.89,3.96,Miami Dolphins / 5th / 171st pick / 2014,5,171
23,2014,Tyler Starr\StarTy00,OLB,South Dakota,4-Jun,250,4.95,32,24,116,6.64,4.15,Atlanta Falcons / 7th / 255th pick / 2014,7,255
28,2014,Chris Smith\SmitCh03,OLB,Arkansas,1-Jun,266,4.66,37,28,121,7.55,4.46,Jacksonville Jaguars / 5th / 159th pick / 2014,5,159
31,2014,Prince Shembo\ShemPr00,OLB,Notre Dame,1-Jun,253,4.71,38.5,26,122,7.29,4.31,Atlanta Falcons / 4th / 139th pick / 2014,4,139
32,2014,Ryan Shazier\ShazRy00,OLB,Ohio State,1-Jun,237,4.58,42,25,130,6.91,4.21,Pittsburgh Steelers / 1st / 15th pick / 2014,1,15
47,2014,Kevin Pierre-Louis\PierKe00,OLB,Boston College,1-Jun,232,4.51,39,28,128,6.92,4.02,Seattle Seahawks / 4th / 132nd pick / 2014,4,132
52,2014,Jonathan Newsome\NewsJo00,OLB,Ball State,3-Jun,247,4.73,34,21,117,7.31,4.63,Indianapolis Colts / 5th / 166th pick / 2014,5,166
67,2014,Khalil Mack\MackKh00,OLB,Buffalo,3-Jun,251,4.65,40,23,128,7.08,4.18,Oakland Raiders / 1st / 5th pick / 2014,1,5
78,2014,Devon Kennard\KennDe00,OLB,Southern California,3-Jun,249,4.7,30,23,113,7.25,4.32,New York Giants / 5th / 174th pick / 2014,5,174
95,2014,Anthony Hitchens\HitcAn00,OLB,Iowa,1-Jun,240,4.74,31.5,23,116,7.15,4.45,Dallas Cowboys / 4th / 119th pick / 2014,4,119
140,2014,Carl Bradford\BradCa01,OLB,Arizona State,1-Jun,250,4.76,37.5,23,122,7.25,4.3,Green Bay Packers / 4th / 121st pick / 2014,4,121
147,2014,Anthony Barr\BarrAn00,OLB,UCLA,5-Jun,255,4.66,34.5,15,119,6.82,4.19,Minnesota Vikings / 1st / 9th pick / 2014,1,9
31,2015,Jake Ryan\RyanJa00,OLB,Michigan,2-Jun,240,4.65,34.5,20,120,7.11,4.2,Green Bay Packers / 4th / 129th pick / 2015,4,129
36,2015,Edmond Robinson\RobiEd00,OLB,Newberry,3-Jun,245,4.61,37,20,121,7.49,4.38,Minnesota Vikings / 7th / 232nd pick / 2015,7,232
63,2015,Lorenzo Mauldin\MaulLo00,OLB,Louisville,4-Jun,259,4.85,32,23,112,7.47,4.58,New York Jets / 3rd / 82nd pick / 2015,3,82
81,2015,Jordan Hicks\HickJo00,OLB,Texas,1-Jun,236,4.68,38,20,124,6.78,4.15,Philadelphia Eagles / 3rd / 84th pick / 2015,3,84
91,2015,Geneo Grissom\GrisGe00,OLB,Oklahoma,3-Jun,262,4.81,37,20,117,7.24,4.38,New England Patriots / 3rd / 97th pick / 2015,3,97
103,2015,Kyle Emanuel\EmanKy00,OLB,North Dakota State,3-Jun,255,4.77,34,27,120,7.1,4.25,San Diego Chargers / 5th / 153rd pick / 2015,5,153
111,2015,Xzavier Dickson\DickXz00,OLB,Alabama,3-Jun,260,4.74,29.5,19,100,7.56,4.53,New England Patriots / 7th / 253rd pick / 2015,7,253
136,2015,Vic Beasley\BeasVi00,OLB,Clemson,3-Jun,246,4.53,41,35,130,6.91,4.15,Atlanta Falcons / 1st / 8th pick / 2015,1,8
143,2015,Kwon Alexander\AlexKw00,OLB,LSU,1-Jun,227,4.55,36,24,121,7.14,4.2,Tampa Bay Buccaneers / 4th / 124th pick / 2015,4,124
25,2016,Joe Schobert\SchoJo00,OLB,Wisconsin,1-Jun,244,4.76,33.5,22,111,7.11,4.3,Cleveland Browns / 4th / 99th pick / 2016,4,99
60,2016,Tyler Matakevich\MataTy00,OLB,Temple,1-Jun,238,4.81,31,22,112,7.19,4.5,Pittsburgh Steelers / 7th / 246th pick / 2016,7,246
69,2016,Darron Lee\LeexDa00,OLB,Ohio State,1-Jun,232,4.47,35.5,17,133,7.12,4.2,New York Jets / 1st / 20th pick / 2016,1,20
97,2016,B.J. Goodson\GoodB.00,OLB,Clemson,1-Jun,242,4.69,34.5,30,118,7.05,4.51,New York Giants / 4th / 109th pick / 2016,4,109
132,2016,Kentrell Brothers\BrotKe00,OLB,Missouri,1-Jun,245,4.89,28.5,19,110,6.99,4.11,Minnesota Vikings / 5th / 160th pick / 2016,5,160
134,2016,Devante Bond\BondDe00,OLB,Oklahoma,1-Jun,235,4.7,37.5,21,121,7.07,4.36,Tampa Bay Buccaneers / 6th / 183rd pick / 2016,6,183
12,2017,T.J. Watt\WattT.00,OLB,Wisconsin,4-Jun,252,4.69,37,21,128,6.79,4.13,Pittsburgh Steelers / 1st / 30th pick / 2017,1,30
28,2017,Pita Taumoepenu\TaumPi00,OLB,Utah,1-Jun,243,4.67,28.5,24,112,6.91,4.33,San Francisco 49ers / 6th / 202nd pick / 2017,6,202
38,2017,Duke Riley\RileDu00,OLB,LSU,1-Jun,232,4.58,34.5,18,122,6.89,4.21,Atlanta Falcons / 3rd / 75th pick / 2017,3,75
41,2017,Haason Reddick\ReddHa00,OLB,Temple,1-Jun,237,4.52,36.5,24,133,7.01,4.37,Arizona Cardinals / 1st / 13th pick / 2017,1,13
56,2017,Takkarist McKinley\McKiTa00,OLB,UCLA,2-Jun,250,4.59,33,24,122,7.48,4.62,Atlanta Falcons / 1st / 26th pick / 2017,1,26
111,2017,Zach Cunningham\CunnZa00,OLB,Vanderbilt,3-Jun,234,4.67,35,15,125,7.03,4.29,Houston Texans / 2nd / 57th pick / 2017,2,57
125,2017,Vince Biegel\BiegVi00,OLB,Wisconsin,3-Jun,246,4.67,33.5,21,118,6.92,4.3,Green Bay Packers / 4th / 108th pick / 2017,4,108
132,2017,Alex Anzalone\AnzaAl00,OLB,Florida,3-Jun,241,4.63,30.5,16,116,6.88,4.25,New Orleans Saints / 3rd / 76th pick / 2017,3,76
6,2012,Corey White\WhitCo01,SS,Samford,11-May,206,4.53,37.5,15,126,6.72,4.22,New Orleans Saints / 5th / 162nd pick / 2012,5,162
24,2012,Harrison Smith\SmitHa00,SS,Notre Dame,2-Jun,213,4.54,34,19,122,6.63,4.12,Minnesota Vikings / 1st / 29th pick / 2012,1,29
43,2012,Charles Mitchell\MitcCh01,SS,Mississippi State,11-May,202,4.56,37,19,127,6.93,4.22,Atlanta Falcons / 6th / 192nd pick / 2012,6,192
48,2012,Jerron McMillian\McMiJe00,SS,Maine,11-May,203,4.47,36.5,17,120,6.69,4.22,Green Bay Packers / 4th / 133rd pick / 2012,4,133
127,2012,Antonio Allen\AlleAn02,SS,South Carolina,1-Jun,210,4.58,34,17,118,7.02,4.25,New York Jets / 7th / 242nd pick / 2012,7,242
9,2013,Shawn Williams\WillSh02,SS,Georgia,1-Jun,213,4.46,36,25,120,7.01,4.25,Cincinnati Bengals / 3rd / 84th pick / 2013,3,84
14,2013,J.J. Wilcox\WilcJ.00,SS,Georgia Southern,1-Jun,213,4.57,35,17,124,7.02,4.09,Dallas Cowboys / 3rd / 80th pick / 2013,3,80
59,2013,Zeke Motta\MottZe00,SS,Notre Dame,2-Jun,213,4.75,35.5,11,126,6.75,4.16,Atlanta Falcons / 7th / 244th pick / 2013,7,244
10,2014,Brock Vereen\VereBr00,SS,Minnesota,1-Jun,199,4.47,34,25,117,6.9,4.07,Chicago Bears / 4th / 131st pick / 2014,4,131
119,2014,Ahmad Dixon\DixoAh00,SS,Baylor,1-Jun,212,4.64,32,14,111,7.55,4.5,Dallas Cowboys / 7th / 248th pick / 2014,7,248
134,2014,Deone Bucannon\BucaDe00,SS,Washington State,1-Jun,211,4.49,36.5,19,125,6.96,4.26,Arizona Cardinals / 1st / 27th pick / 2014,1,27
141,2014,Tre Boston\BostTr00,SS,North Carolina,1-Jun,204,4.58,35,18,116,7.04,4.31,Carolina Panthers / 4th / 128th pick / 2014,4,128
143,2014,Nat Berhe\BerhNa00,SS,San Diego State,10-May,193,4.71,35.5,15,117,7.08,4.22,New York Giants / 5th / 152nd pick / 2014,5,152
37,2015,Jordan Richards\RichJo00,SS,Stanford,11-May,211,4.65,32,13,111,6.74,4.22,New England Patriots / 2nd / 64th pick / 2015,2,64
74,2015,Kyshoen Jarrett\JarrKy00,SS,Virginia Tech,10-May,200,4.57,33,21,109,6.95,4.4,Washington Redskins / 6th / 181st pick / 2015,6,181
98,2015,Clayton Geathers\GeatCl00,SS,Central Florida,2-Jun,218,4.55,37,22,120,7.21,4.27,Indianapolis Colts / 4th / 109th pick / 2015,4,109
52,2016,Keanu Neal\NealKe01,SS,Florida,1-Jun,211,4.62,38,17,132,7.09,4.38,Atlanta Falcons / 1st / 17th pick / 2016,1,17
57,2016,Jalen Mills\MillJa02,SS,Louisiana State,1-Jun,191,4.61,37,16,123,6.86,4,Philadelphia Eagles / 7th / 233rd pick / 2016,7,233
2,2017,Xavier Woods\WoodXa00,SS,Louisiana Tech,11-May,197,4.54,33.5,19,122,6.72,4.13,Dallas Cowboys / 6th / 191st pick / 2017,6,191
25,2017,Tedric Thompson\ThomTe00,SS,Colorado,1-Jun,204,4.6,32.5,17,117,7.11,4.36,Seattle Seahawks / 4th / 111th pick / 2017,4,111
61,2017,Shalom Luani\LuanSh00,SS,Washington State,11-May,202,4.55,31,12,116,6.87,4.21,Oakland Raiders / 7th / 221st pick / 2017,7,221
137,2017,Jamal Adams\AdamJa00,SS,LSU,1-Jun,214,4.56,31.5,18,120,6.96,4.13,New York Jets / 1st / 6th pick / 2017,1,6
26,2012,Evan Rodriguez\RodrEv00,FB,Temple,1-Jun,239,4.53,36,18,119,6.94,4.28,Chicago Bears / 4th / 111th pick / 2012,4,111
106,2012,Bradie Ewing\EwinBr00,FB,Wisconsin,1-Jun,239,4.73,36.5,14,120,7.14,4.16,Atlanta Falcons / 5th / 157th pick / 2012,5,157
110,2012,Drake Dunsmore\DunsDr00,FB,Northwestern,2-Jun,241,4.63,35.5,21,117,6.73,4.03,Tampa Bay Buccaneers / 7th / 233rd pick / 2012,7,233
134,2013,Tommy Bohanon\BohaTo00,FB,Wake Forest,1-Jun,246,4.88,35,36,119,7.27,4.42,New York Jets / 7th / 215th pick / 2013,7,215
64,2015,Joey Iosefa\IoseJo00,FB,Hawaii,1-Jun,247,5.02,31.5,30,110,7.24,4.33,Tampa Bay Buccaneers / 7th / 231st pick / 2015,7,231
88,2015,Jalston Fowler\FowlJa00,FB,Alabama,11-May,254,4.94,33.5,23,114,7.56,4.4,Tennessee Titans / 4th / 108th pick / 2015,4,108
119,2015,Michael Burton\BurtMi00,FB,Rutgers,11-May,242,4.65,33,25,115,7.2,4.34,Detroit Lions / 5th / 168th pick / 2015,5,168
11,2016,Dan Vitale\VitaDa00,FB,Northwestern,1-Jun,239,4.6,38.5,30,123,7.12,4.12,Tampa Bay Buccaneers / 6th / 197th pick / 2016,6,197
74,2016,Andy Janovich\JanoAn00,FB,Nebraska,1-Jun,238,4.81,34,30,119,7.28,4.32,Denver Broncos / 6th / 176th pick / 2016,6,176
38,2017,Sam Rogers\RogeSa00,FB,Virginia Tech,10-May,231,4.93,32,19,114,7.27,4.34,Los Angeles Rams / 6th / 206th pick / 2017,6,206
2,2012,Kevin Zeitler\ZeitKe00,OG,Wisconsin,4-Jun,314,5.32,29,32,101,7.77,4.61,Cincinnati Bengals / 1st / 27th pick / 2012,1,27
13,2012,Brandon Washington\WashBr00,OG,Miami (FL),3-Jun,320,5.14,25,28,101,8.22,4.87,Philadelphia Eagles / 6th / 200th pick / 2012,6,200
18,2012,Andrew Tiller\TillAn01,OG,Syracuse,4-Jun,324,5.44,23,16,85,7.92,4.8,New Orleans Saints / 6th / 179th pick / 2012,6,179
22,2012,Amini Silatolu\SilaAm00,OG,Midwestern State,4-Jun,311,5.33,31.5,28,107,7.95,4.87,Carolina Panthers / 2nd / 40th pick / 2012,2,40
52,2012,Ryan Miller\MillRy00,OG,Colorado,7-Jun,321,5.16,28,32,100,7.72,4.78,Cleveland Browns / 5th / 160th pick / 2012,5,160
66,2012,Josh LeRibeus\LeRiJo00,OG,Southern Methodist,3-Jun,312,5.31,26,29,96,7.64,4.65,Washington Redskins / 3rd / 71st pick / 2012,3,71
68,2012,Senio Kelemete\KeleSe00,OG,Washington,4-Jun,307,5.39,25,21,101,7.77,4.58,Arizona Cardinals / 5th / 151st pick / 2012,5,151
111,2012,David DeCastro\DeCaDa00,OG,Stanford,5-Jun,316,5.32,29.5,34,98,7.3,4.56,Pittsburgh Steelers / 1st / 24th pick / 2012,1,24
133,2012,Kelvin Beachum\BeacKe00,OG,Southern Methodist,3-Jun,303,5.38,28.5,19,101,7.79,4.8,Pittsburgh Steelers / 7th / 248th pick / 2012,7,248
15,2013,Earl Watford\WatfEa00,OG,James Madison,3-Jun,300,5.06,30,24,107,7.77,5,Arizona Cardinals / 4th / 116th pick / 2013,4,116
17,2013,Larry Warford\WarfLa00,OG,Kentucky,3-Jun,332,5.58,22.5,28,96,7.78,5.1,Detroit Lions / 3rd / 65th pick / 2013,3,65
22,2013,J.C. Tretter\TretJC00,OG,Cornell,4-Jun,307,5.09,29.5,29,109,7.48,4.69,Green Bay Packers / 4th / 122nd pick / 2013,4,122
74,2013,Edmund Kugbila\KugbEd00,OG,Valdosta State,4-Jun,317,5.13,22.5,23,105,7.72,4.65,Carolina Panthers / 4th / 108th pick / 2013,4,108
91,2013,Eric Herman\HermEr00,OG,Ohio,4-Jun,320,5.25,28,36,95,7.99,5.09,New York Giants / 7th / 225th pick / 2013,7,225
123,2013,Jonathan Cooper\CoopJo01,OG,North Carolina,2-Jun,311,5.07,27,35,108,7.78,4.84,Arizona Cardinals / 1st / 7th pick / 2013,1,7
133,2013,Travis Bond\BondTr00,OG,North Carolina,6-Jun,329,5.27,22.5,22,98,7.85,4.96,Minnesota Vikings / 7th / 214th pick / 2013,7,214
1,2014,David Yankey\YankDa00,OG,Stanford,6-Jun,315,5.48,28.5,22,103,7.81,4.86,Minnesota Vikings / 5th / 145th pick / 2014,5,145
14,2014,John Urschel\UrscJo00,OG,Penn State,3-Jun,313,5.31,29,30,102,7.55,4.47,Baltimore Ravens / 5th / 175th pick / 2014,5,175
19,2014,Brandon Thomas\ThomBr02,OG,Clemson,3-Jun,317,5.09,29,35,98,8.13,4.83,San Francisco 49ers / 3rd / 100th pick / 2014,3,100
21,2014,Xavier Su'a-Filo\Sua-Xa00,OG,UCLA,4-Jun,307,5.04,25,25,102,7.6,4.44,Houston Texans / 2nd / 33rd pick / 2014,2,33
39,2014,Cyril Richardson\RichCy00,OG,Baylor,5-Jun,329,5.36,25.5,25,91,7.7,4.83,Buffalo Bills / 5th / 153rd pick / 2014,5,153
63,2014,Zack Martin\MartZa00,OG,Notre Dame,4-Jun,308,5.22,28,29,106,7.65,4.59,Dallas Cowboys / 1st / 16th pick / 2014,1,16
73,2014,Charles Leno\LenoCh00,OG,North Carolina State,4-Jun,303,5.25,29,21,108,7.57,4.4,Chicago Bears / 7th / 246th pick / 2014,7,246
86,2014,Gabe Jackson\JackGa00,OG,Mississippi State,3-Jun,336,5.34,29,30,108,8.25,4.78,Oakland Raiders / 3rd / 81st pick / 2014,3,81
106,2014,Zach Fulton\FultZa00,OG,Tennessee,5-Jun,316,5.16,24.5,25,98,7.87,5.16,Kansas City Chiefs / 6th / 193rd pick / 2014,6,193
119,2014,Kadeem Edwards\EdwaKa00,OG,Tennessee State,4-Jun,313,5.25,27,26,99,7.95,4.82,Tampa Bay Buccaneers / 5th / 143rd pick / 2014,5,143
121,2014,Dakota Dozier\DoziDa00,OG,Furman,4-Jun,313,5.42,24,23,101,8.14,4.89,New York Jets / 4th / 137th pick / 2014,4,137
144,2014,Russell Bodine\BodiRu00,OG,North Carolina,3-Jun,310,5.18,29,42,109,8.26,4.66,Cincinnati Bengals / 4th / 111th pick / 2014,4,111
147,2014,Joel Bitonio\BitoJo00,OG,Nevada,4-Jun,302,4.92,32,22,114,7.37,4.44,Cleveland Browns / 2nd / 35th pick / 2014,2,35
12,2015,Laken Tomlinson\TomlLa01,OG,Duke,3-Jun,323,5.33,31.5,25,103,8.17,4.87,Detroit Lions / 1st / 28th pick / 2015,1,28
31,2015,Jeremiah Poutasi\PoutJe00,OG,Utah,5-Jun,335,5.32,26.5,26,95,8.09,4.89,Tennessee Titans / 3rd / 66th pick / 2015,3,66
43,2015,Mitch Morse\MorsMi00,OG,Missouri,5-Jun,305,5.14,31,36,112,7.6,4.5,Kansas City Chiefs / 2nd / 49th pick / 2015,2,49
45,2015,John Miller\MillJo04,OG,Louisville,2-Jun,303,5.33,27,29,104,8.2,4.75,Buffalo Bills / 3rd / 81st pick / 2015,3,81
49,2015,Ali Marpet\MarpAl00,OG,Hobart & William Smith,4-Jun,307,4.98,30.5,30,108,7.33,4.47,Tampa Bay Buccaneers / 2nd / 61st pick / 2015,2,61
73,2015,Jarvis Harrison\HarrJa02,OG,Texas A&M,4-Jun,330,5.19,29.5,26,102,7.51,4.62,New York Jets / 5th / 152nd pick / 2015,5,152
85,2015,Mark Glowinski\GlowMa00,OG,West Virginia,4-Jun,307,5.2,29.5,31,113,7.56,4.58,Seattle Seahawks / 4th / 134th pick / 2015,4,134
96,2015,Jamil Douglas\DougJa00,OG,Arizona State,4-Jun,304,5.25,29,28,99,7.99,4.75,Miami Dolphins / 4th / 114th pick / 2015,4,114
120,2015,Trenton Brown\BrowTr02,OG,Florida,8-Jun,355,5.21,23.5,20,97,8.23,4.78,San Francisco 49ers / 7th / 244th pick / 2015,7,244
17,2016,Sebastian Tretola\TretSe00,OG,Arkansas,4-Jun,314,5.45,23.5,22,90,7.94,5.02,Tennessee Titans / 6th / 193rd pick / 2016,6,193
52,2016,Connor McGovern\McGoCo00,OG,Missouri,4-Jun,306,5.11,33,33,109,7.5,4.65,Denver Broncos / 5th / 144th pick / 2016,5,144
91,2016,Joshua Garnett\GarnJo00,OG,Stanford,4-Jun,312,5.32,29,30,99,7.62,4.64,San Francisco 49ers / 1st / 28th pick / 2016,1,28
27,2017,Nico Siragusa\SiraNi00,OG,San Diego State,4-Jun,319,5.35,32,28,110,7.71,4.56,Baltimore Ravens / 4th / 122nd pick / 2017,4,122
76,2017,Forrest Lamp\LampFo00,OG,Western Kentucky,4-Jun,309,5,27.5,34,111,7.55,4.62,Los Angeles Chargers / 2nd / 38th pick / 2017,2,38
84,2017,Dorian Johnson\JohnDo03,OG,Pittsburgh,5-Jun,300,5.27,30,21,114,8.39,5.09,Arizona Cardinals / 4th / 115th pick / 2017,4,115
85,2017,Danny Isidora\IsidDa00,OG,Miami (FL),3-Jun,306,5.03,29,26,94,8.13,4.9,Minnesota Vikings / 5th / 180th pick / 2017,5,180
98,2017,Sean Harlow\HarlSe00,OG,Oregon State,4-Jun,303,5.15,30.5,26,105,8.16,4.81,Atlanta Falcons / 4th / 136th pick / 2017,4,136
109,2017,Dan Feeney\FeenDa00,OG,Indiana,4-Jun,305,5.24,28,26,101,7.52,4.68,Los Angeles Chargers / 3rd / 71st pick / 2017,3,71
120,2017,Dion Dawkins\DawkDi00,OG,Temple,4-Jun,314,5.11,26,26,106,7.3,4.78,Buffalo Bills / 2nd / 63rd pick / 2017,2,63
143,2017,Zach Banner\BannZa00,OG,Southern California,8-Jun,353,5.58,23.5,22,92,8.31,5.21,Indianapolis Colts / 4th / 137th pick / 2017,4,137
144,2017,Isaac Asiata\AsiaIs00,OG,Utah,3-Jun,323,5.34,25.5,35,102,7.83,4.93,Miami Dolphins / 5th / 164th pick / 2017,5,164
21,2012,Donald Stephenson\StepDo00,OT,Oklahoma,5-Jun,312,4.94,35.5,19,114,7.52,4.78,Kansas City Chiefs / 3rd / 74th pick / 2012,3,74
23,2012,Mitchell Schwartz\SchwMi00,OT,California,5-Jun,318,5.38,26.5,23,89,7.86,4.87,Cleveland Browns / 2nd / 37th pick / 2012,2,37
25,2012,Zebrie Sanders\SandZe00,OT,Florida State,6-Jun,320,5.33,27,28,100,8.15,4.99,Buffalo Bills / 5th / 144th pick / 2012,5,144
30,2012,Riley Reiff\ReifRi00,OT,Iowa,6-Jun,313,5.16,26.5,23,98,7.87,4.75,Detroit Lions / 1st / 23rd pick / 2012,1,23
34,2012,Nate Potter\PottNa00,OT,Boise State,6-Jun,303,5.26,28.5,22,100,7.49,4.67,Arizona Cardinals / 7th / 221st pick / 2012,7,221
45,2012,Kelechi Osemele\OsemKe00,OT,Iowa State,5-Jun,333,5.22,26.5,32,104,7.91,4.87,Baltimore Ravens / 2nd / 60th pick / 2012,2,60
48,2012,Brandon Mosley\MoslBr00,OT,Auburn,6-Jun,314,5.14,27,30,103,7.43,4.78,New York Giants / 4th / 131st pick / 2012,4,131
59,2012,Bobby Massie\MassBo00,OT,Mississippi,6-Jun,316,5.18,27.5,22,103,7.7,4.95,Arizona Cardinals / 4th / 112th pick / 2012,4,112
72,2012,Marcel Jones\JoneMa03,OT,Nebraska,6-Jun,320,5.57,27.5,13,95,8.03,5.12,New Orleans Saints / 7th / 234th pick / 2012,7,234
81,2012,Lamar Holmes\HolmLa00,OT,Southern Miss,5-Jun,323,5.29,27,22,104,7.74,4.8,Atlanta Falcons / 3rd / 91st pick / 2012,3,91
98,2012,Cordy Glenn\GlenCo00,OT,Georgia,6-Jun,345,5.08,23.5,31,93,8.13,5,Buffalo Bills / 2nd / 41st pick / 2012,2,41
119,2012,Tom Compton\CompTo00,OT,South Dakota,5-Jun,314,5.01,30,20,108,7.59,4.6,Washington Redskins / 6th / 193rd pick / 2012,6,193
130,2012,Tony Bergstrom\BergTo00,OT,Utah,5-Jun,313,5.19,29.5,32,101,7.95,4.84,Oakland Raiders / 3rd / 95th pick / 2012,3,95
137,2012,Justin Anderson\AndeJu00,OT,Georgia,4-Jun,335,5.24,27,32,101,8.04,4.99,Indianapolis Colts / 7th / 208th pick / 2012,7,208
138,2012,Jeff Allen\AlleJe01,OT,Illinois,4-Jun,307,5.17,27.5,26,102,8.01,4.9,Kansas City Chiefs / 2nd / 44th pick / 2012,2,44
140,2012,Mike Adams\AdamMi02,OT,Ohio State,7-Jun,323,5.28,28.5,19,100,7.94,4.95,Pittsburgh Steelers / 2nd / 56th pick / 2012,2,56
19,2013,Ricky Wagner\WagnRi00,OT,Wisconsin,6-Jun,308,5.17,31.5,20,101,7.94,4.91,Baltimore Ravens / 5th / 168th pick / 2013,5,168
48,2013,David Quessenberry\QuesDa00,OT,San Jose State,5-Jun,302,5.08,29.5,25,112,7.49,4.45,Houston Texans / 6th / 176th pick / 2013,6,176
54,2013,Vinston Painter\PainVi00,OT,Virginia Tech,4-Jun,306,4.95,30.5,32,97,7.71,4.56,Denver Broncos / 6th / 173rd pick / 2013,6,173
59,2013,Jordan Mills\MillJo02,OT,Louisiana Tech,5-Jun,316,5.37,28.5,20,101,8.1,4.88,Chicago Bears / 5th / 163rd pick / 2013,5,163
82,2013,Lane Johnson\JohnLa01,OT,Oklahoma,6-Jun,303,4.72,34,28,118,7.31,4.52,Philadelphia Eagles / 1st / 4th pick / 2013,1,4
85,2013,Luke Joeckel\JoecLu00,OT,Texas A&M,6-Jun,306,5.3,28.5,27,106,7.4,4.68,Jacksonville Jaguars / 1st / 2nd pick / 2013,1,2
102,2013,Garrett Gilkey\GilkGa00,OT,Chadron State,6-Jun,318,5.29,30,28,108,7.65,4.75,Cleveland Browns / 7th / 227th pick / 2013,7,227
107,2013,Reid Fragel\FragRe00,OT,Ohio State,8-Jun,308,5.14,30,33,113,7.62,4.68,Cincinnati Bengals / 7th / 240th pick / 2013,7,240
110,2013,Eric Fisher\FishEr00,OT,Central Michigan,7-Jun,306,5.05,28.5,27,116,7.59,4.44,Kansas City Chiefs / 1st / 1st pick / 2013,1,1
142,2013,David Bakhtiari\BakhDa00,OT,Colorado,4-Jun,299,5.18,25.5,28,101,7.7,4.74,Green Bay Packers / 4th / 109th pick / 2013,4,109
147,2013,Terron Armstead\ArmsTe00,OT,Arkansas-Pine Bluff,5-Jun,306,4.71,34.5,31,112,7.62,4.72,New Orleans Saints / 3rd / 75th pick / 2013,3,75
151,2013,Oday Aboushi\AbouOd00,OT,Virginia,5-Jun,308,5.41,23.5,17,100,7.92,4.84,New York Jets / 5th / 141st pick / 2013,5,141
16,2014,Billy Turner\TurnBi00,OT,North Dakota State,5-Jun,315,5.16,28,25,108,7.92,4.71,Miami Dolphins / 3rd / 67th pick / 2014,3,67
36,2014,Greg Robinson\RobiGr01,OT,Auburn,5-Jun,332,4.92,28.5,32,113,7.8,4.86,St. Louis Rams / 1st / 2nd pick / 2014,1,2
56,2014,Jack Mewhort\MewhJa00,OT,Ohio State,6-Jun,309,5.37,26,28,101,7.79,4.64,Indianapolis Colts / 2nd / 59th pick / 2014,2,59
61,2014,Jake Matthews\MattJa00,OT,Texas A&M,5-Jun,308,5.07,30.5,24,105,7.34,4.47,Atlanta Falcons / 1st / 6th pick / 2014,1,6
72,2014,Taylor Lewan\LewaTa00,OT,Michigan,7-Jun,309,4.87,30.5,29,117,7.39,4.49,Tennessee Titans / 1st / 11th pick / 2014,1,11
77,2014,Cyrus Kouandjio\KouaCy00,OT,Alabama,7-Jun,322,5.59,27.5,21,96,7.71,4.84,Buffalo Bills / 2nd / 44th pick / 2014,2,44
84,2014,Ja'Wuan James\JameJa01,OT,Oklahoma,6-Jun,311,5.26,29,22,103,7.42,4.56,Miami Dolphins / 1st / 19th pick / 2014,1,19
111,2014,Cameron Fleming\FlemCa00,OT,Stanford,5-Jun,323,5.28,23.5,26,97,8.24,5,New England Patriots / 4th / 140th pick / 2014,4,140
138,2014,Justin Britt\BritJu00,OT,Missouri,6-Jun,325,5.19,27.5,23,100,8.14,4.69,Seattle Seahawks / 2nd / 64th pick / 2014,2,64
17,2015,Donovan Smith\SmitDo02,OT,Penn State,6-Jun,338,5.27,32,26,109,7.95,4.79,Tampa Bay Buccaneers / 2nd / 34th pick / 2015,2,34
22,2015,Austin Shepherd\ShepAu00,OT,Alabama,4-Jun,315,5.39,29,17,94,8.04,4.7,Minnesota Vikings / 7th / 228th pick / 2015,7,228
25,2015,Ty Sambrailo\SambTy00,OT,Colorado State,6-Jun,311,5.36,29,23,97,7.54,4.58,Denver Broncos / 2nd / 59th pick / 2015,2,59
32,2015,Terry Poole\PoolTe00,OT,San Diego State,5-Jun,307,5.09,31,25,113,7.9,4.66,Seattle Seahawks / 4th / 130th pick / 2015,4,130
66,2015,D.J. Humphries\HumpD.00,OT,Florida,5-Jun,307,5.12,31,26,104,7.87,4.64,Arizona Cardinals / 1st / 24th pick / 2015,1,24
70,2015,Rob Havenstein\HaveRo00,OT,Wisconsin,7-Jun,321,5.46,28.5,16,96,8.28,4.87,St. Louis Rams / 2nd / 57th pick / 2015,2,57
81,2015,Chaz Green\GreeCh02,OT,Florida,5-Jun,314,5.16,29.5,21,106,8,4.7,Dallas Cowboys / 3rd / 91st pick / 2015,3,91
86,2015,Laurence Gibson\GibsLa00,OT,Virginia Tech,6-Jun,305,5.04,33.5,24,113,7.72,4.56,Dallas Cowboys / 7th / 243rd pick / 2015,7,243
98,2015,Andrew Donnal\DonnAn00,OT,Iowa,6-Jun,313,5.31,32,17,101,7.84,4.77,St. Louis Rams / 4th / 119th pick / 2015,4,119
111,2015,T.J. Clemmings\ClemT.00,OT,Pittsburgh,5-Jun,309,5.14,32.5,22,111,7.68,4.54,Minnesota Vikings / 4th / 110th pick / 2015,4,110
7,2016,Cody Whitehair\WhitCo03,OT,Kansas State,4-Jun,301,5.02,25.5,16,110,7.32,4.58,Chicago Bears / 2nd / 56th pick / 2016,2,56
13,2016,Halapoulivaati Vaitai\VaitHa00,OT,Texas Christian,6-Jun,320,5.26,29,23,113,8.26,5,Philadelphia Eagles / 5th / 164th pick / 2016,5,164
19,2016,Joe Thuney\ThunJo00,OT,North Carolina State,5-Jun,304,4.95,28.5,28,110,7.47,4.54,New England Patriots / 3rd / 78th pick / 2016,3,78
27,2016,Jason Spriggs\SpriJa00,OT,Indiana,6-Jun,301,4.94,31.5,31,115,7.7,4.44,Green Bay Packers / 2nd / 48th pick / 2016,2,48
63,2016,Alex Lewis\LewiAl01,OT,Nebraska,6-Jun,312,5.22,29.5,27,100,7.94,4.72,Baltimore Ravens / 4th / 130th pick / 2016,4,130
85,2016,Jerald Hawkins\HawkJe00,OT,Louisiana State,6-Jun,305,5.23,23.5,23,100,8.19,4.89,Pittsburgh Steelers / 4th / 123rd pick / 2016,4,123
100,2016,Spencer Drango\DranSp00,OT,Baylor,6-Jun,315,5.27,27,30,100,7.88,4.66,Cleveland Browns / 5th / 168th pick / 2016,5,168
105,2016,Taylor Decker\DeckTa00,OT,Ohio State,7-Jun,310,5.23,29,20,101,7.7,4.76,Detroit Lions / 1st / 16th pick / 2016,1,16
107,2016,Joe Dahl\DahlJo00,OT,Washington State,4-Jun,304,5.18,31,28,109,7.64,4.77,Detroit Lions / 5th / 151st pick / 2016,5,151
110,2016,Fahn Cooper\CoopFa00,OT,Mississippi,4-Jun,303,5.17,25,19,102,7.85,4.89,San Francisco 49ers / 5th / 174th pick / 2016,5,174
112,2016,Jack Conklin\ConkJa00,OT,Michigan State,6-Jun,308,5,30,25,103,7.63,4.57,Tennessee Titans / 1st / 8th pick / 2016,1,8
126,2016,Willie Beavers\BeavWi00,OT,Western Michigan,5-Jun,321,5.28,25.5,20,103,7.96,4.71,Minnesota Vikings / 4th / 121st pick / 2016,4,121
131,2016,Vadal Alexander\AlexVa00,OT,Louisiana State,5-Jun,326,5.57,24,25,95,8.04,4.9,Oakland Raiders / 7th / 234th pick / 2016,7,234
15,2017,Sam Tevi\TeviSa00,OT,Utah,5-Jun,311,5.27,26,15,107,7.84,4.6,Los Angeles Chargers / 6th / 190th pick / 2017,6,190
28,2017,David Sharpe\SharDa02,OT,Florida,6-Jun,343,5.44,20.5,19,97,7.87,4.78,Oakland Raiders / 4th / 129th pick / 2017,4,129
58,2017,Taylor Moton\MotoTa00,OT,Western Michigan,5-Jun,319,5.18,30.5,23,109,7.73,4.58,Carolina Panthers / 2nd / 64th pick / 2017,2,64
91,2017,Will Holden\HoldWi00,OT,Vanderbilt,7-Jun,311,5.47,28,23,111,7.71,4.72,Arizona Cardinals / 5th / 157th pick / 2017,5,157
104,2017,Antonio Garcia\GarcAn00,OT,Troy,6-Jun,302,5.15,31,24,108,7.98,4.94,New England Patriots / 3rd / 85th pick / 2017,3,85
141,2017,Adam Bisnowaty\BisnAd00,OT,Pittsburgh,6-Jun,304,5.23,29.5,23,96,8.02,4.94,New York Giants / 6th / 200th pick / 2017,6,200
15,2012,Robert Turbin\TurbRo00,RB,Utah State,10-May,222,4.42,36,28,122,7.16,4.31,Seattle Seahawks / 4th / 106th pick / 2012,4,106
32,2012,Chris Rainey\RainCh00,RB,Florida,8-May,180,4.36,36.5,16,120,6.5,3.93,Pittsburgh Steelers / 5th / 159th pick / 2012,5,159
38,2012,Bernard Pierce\PierBe00,RB,Temple,1-Jun,218,4.45,36.5,17,123,7.07,4.28,Baltimore Ravens / 3rd / 84th pick / 2012,3,84
49,2012,Alfred Morris\MorrAl00,RB,Florida Atlantic,10-May,219,4.63,35.5,16,117,7.01,4.19,Washington Redskins / 6th / 173rd pick / 2012,6,173
62,2012,Doug Martin\MartDo00,RB,Boise State,9-May,223,4.46,36,28,120,6.79,4.16,Tampa Bay Buccaneers / 1st / 31st pick / 2012,1,31
78,2012,LaMichael James\JameLa00,RB,Oregon,8-May,194,4.35,35,15,123,6.88,4.12,San Francisco 49ers / 2nd / 61st pick / 2012,2,61
85,2012,Dan Herron\HerrDa00,RB,Ohio State,10-May,213,4.57,35,22,117,6.97,4.04,Cincinnati Bengals / 6th / 191st pick / 2012,6,191
134,2012,Vick Ballard\BallVi00,RB,Mississippi State,10-May,219,4.59,33,23,115,7.03,4.19,Indianapolis Colts / 5th / 170th pick / 2012,5,170
135,2012,Edwin Baker\BakeEd01,RB,Michigan State,8-May,204,4.44,35,20,111,7.27,4.31,San Diego Chargers / 7th / 250th pick / 2012,7,250
9,2013,Kerwynn Williams\WillKe05,RB,Utah State,8-May,195,4.48,35,17,118,7.15,4.15,Indianapolis Colts / 7th / 230th pick / 2013,7,230
28,2013,Stepfan Taylor\TaylSt00,RB,Stanford,9-May,214,4.76,30,17,110,7.13,4.5,Arizona Cardinals / 5th / 140th pick / 2013,5,140
32,2013,Zac Stacy\StacZa00,RB,Vanderbilt,8-May,216,4.55,33,27,122,6.7,4.17,St. Louis Rams / 5th / 160th pick / 2013,5,160
61,2013,Christine Michael\MichCh00,RB,Texas A&M,10-May,220,4.54,43,27,125,6.69,4.02,Seattle Seahawks / 2nd / 62nd pick / 2013,2,62
101,2013,Mike Gillislee\GillMi00,RB,Florida,11-May,208,4.55,30.5,15,119,7.12,4.4,Miami Dolphins / 5th / 164th pick / 2013,5,164
106,2013,Johnathan Franklin\FranJo01,RB,UCLA,10-May,205,4.49,31.5,18,115,6.89,4.31,Green Bay Packers / 4th / 125th pick / 2013,4,125
121,2013,Knile Davis\DaviKn00,RB,Arkansas,11-May,227,4.37,33.5,31,121,6.96,4.38,Kansas City Chiefs / 3rd / 96th pick / 2013,3,96
126,2013,Rex Burkhead\BurkRe00,RB,Nebraska,10-May,214,4.73,39,21,125,6.85,4.09,Cincinnati Bengals / 6th / 190th pick / 2013,6,190
135,2013,Giovani Bernard\BernGi00,RB,North Carolina,8-May,202,4.53,33.5,19,122,6.91,4.12,Cincinnati Bengals / 2nd / 37th pick / 2013,2,37
136,2013,Le'Veon Bell\BellLe00,RB,Michigan State,1-Jun,230,4.6,31.5,24,118,6.75,4.24,Pittsburgh Steelers / 2nd / 48th pick / 2013,2,48
138,2013,Kenjon Barner\BarnKe00,RB,Oregon,9-May,196,4.52,35.5,20,122,6.87,4.2,Carolina Panthers / 6th / 182nd pick / 2013,6,182
141,2013,Montee Ball\BallMo00,RB,Wisconsin,10-May,214,4.66,32,15,118,6.88,4.4,Denver Broncos / 2nd / 58th pick / 2013,2,58
6,2014,James White\WhitJa02,RB,Wisconsin,9-May,204,4.57,32,23,114,7.05,4.2,New England Patriots / 4th / 130th pick / 2014,4,130
20,2014,Lorenzo Taliaferro\TaliLo00,RB,Coastal Carolina,1-Jun,229,4.58,33,18,118,6.88,4.22,Baltimore Ravens / 4th / 138th pick / 2014,4,138
27,2014,Charles Sims\SimsCh00,RB,West Virginia,1-Jun,214,4.48,37.5,17,126,7.16,4.3,Tampa Bay Buccaneers / 3rd / 69th pick / 2014,3,69
34,2014,Bishop Sankey\SankBi00,RB,Washington,9-May,209,4.49,35.5,26,126,6.75,4,Tennessee Titans / 2nd / 54th pick / 2014,2,54
58,2014,Jerick McKinnon\McKiJe00,RB,Georgia Southern,9-May,209,4.41,40.5,32,132,6.83,4.12,Minnesota Vikings / 3rd / 96th pick / 2014,3,96
131,2014,Ka'Deem Carey\CareKa00,RB,North Carolina State,9-May,207,4.69,32.5,19,115,7.08,4.38,Chicago Bears / 4th / 117th pick / 2014,4,117
145,2014,Alfred Blue\BlueAl00,RB,LSU,2-Jun,223,4.63,32,13,121,7.15,4.5,Houston Texans / 6th / 181st pick / 2014,6,181
1,2015,T.J. Yeldon\YeldT.00,RB,Alabama,1-Jun,226,4.61,36,22,117,7.19,4.22,Jacksonville Jaguars / 2nd / 36th pick / 2015,2,36
6,2015,Karlos Williams\WillKa01,RB,Florida State,1-Jun,230,4.48,33.5,16,117,7.16,4.46,Buffalo Bills / 5th / 155th pick / 2015,5,155
83,2015,Melvin Gordon\GordMe00,RB,Wisconsin,1-Jun,215,4.52,35,19,126,7.04,4.07,San Diego Chargers / 1st / 15th pick / 2015,1,15
101,2015,Mike Davis\DaviMi01,RB,South Carolina,9-May,217,4.61,34,17,116,7,4.18,San Francisco 49ers / 4th / 126th pick / 2015,4,126
134,2015,Javorius Allen\AlleJa01,RB,Southern California,1-Jun,221,4.53,35.5,11,121,6.96,4.28,Baltimore Ravens / 4th / 125th pick / 2015,4,125
136,2015,Jay Ajayi\AjayJa00,RB,Boise State,1-Jun,221,4.57,39,19,121,7.1,4.1,Miami Dolphins / 5th / 149th pick / 2015,5,149
138,2015,Ameer Abdullah\AbduAm00,RB,Nebraska,9-May,205,4.6,42.5,24,130,6.79,3.95,Detroit Lions / 2nd / 54th pick / 2015,2,54
10,2016,Deandre Washington\WashDe00,RB,Texas Tech,8-May,204,4.49,34.5,24,116,7.03,4.2,Oakland Raiders / 5th / 143rd pick / 2016,5,143
28,2016,Wendell Smallwood\SmalWe00,RB,West Virginia,10-May,208,4.47,33.5,14,120,6.83,4.28,Philadelphia Eagles / 5th / 153rd pick / 2016,5,153
65,2016,Daniel Lasco\LascDa00,RB,California,1-Jun,209,4.46,41.5,23,135,7.22,4.26,New Orleans Saints / 7th / 237th pick / 2016,7,237
84,2016,Derrick Henry\HenrDe00,RB,Alabama,3-Jun,247,4.54,37,22,130,7.2,4.38,Tennessee Titans / 2nd / 45th pick / 2016,2,45
101,2016,Kenyan Drake\DrakKe00,RB,Alabama,1-Jun,210,4.45,34.5,10,123,7.04,4.21,Miami Dolphins / 3rd / 73rd pick / 2016,3,73
104,2016,Kenneth Dixon\DixoKe00,RB,Louisiana Tech,10-May,215,4.56,37.5,18,121,6.97,4.28,Baltimore Ravens / 4th / 134th pick / 2016,4,134
4,2017,Joe Williams\WillJo12,RB,Utah,11-May,210,4.41,35,14,125,7.19,4.19,San Francisco 49ers / 4th / 121st pick / 2017,4,121
51,2017,Samaje Perine\PeriSa00,RB,Oklahoma,11-May,233,4.65,33,30,116,7.26,4.37,Washington Redskins / 4th / 114th pick / 2017,4,114
62,2017,Elijah McGuire\McGuEl00,RB,Louisiana,10-May,214,4.53,36,15,120,7.26,4.56,New York Jets / 6th / 188th pick / 2017,6,188
64,2017,Christian McCaffrey\McCaCh01,RB,Stanford,11-May,202,4.48,37.5,10,121,6.57,4.22,Carolina Panthers / 1st / 8th pick / 2017,1,8
82,2017,Aaron Jones\JoneAa00,RB,Texas-El Paso,9-May,208,4.56,37.5,16,127,6.82,4.2,Green Bay Packers / 5th / 182nd pick / 2017,5,182
94,2017,Brian Hill\HillBr02,RB,Wyoming,1-Jun,219,4.54,34,15,125,7.03,4.32,Atlanta Falcons / 5th / 156th pick / 2017,5,156
105,2017,Wayne Gallman\GallWa00,RB,Clemson,1-Jun,215,4.6,29.5,21,120,7.17,4.28,New York Giants / 4th / 140th pick / 2017,4,140
126,2017,Dalvin Cook\CookDa01,RB,Florida State,10-May,210,4.49,30.5,22,116,7.27,4.53,Minnesota Vikings / 2nd / 41st pick / 2017,2,41
41,2012,David Paulson\PaulDa01,TE,Oregon,3-Jun,246,4.79,32,21,110,7.18,4.4,Pittsburgh Steelers / 7th / 240th pick / 2012,7,240
90,2012,James Hanna\HannJa00,TE,Oklahoma,4-Jun,252,4.43,36,24,122,6.76,4.11,Dallas Cowboys / 6th / 186th pick / 2012,6,186
94,2012,Ladarius Green\GreeLa00,TE,Louisiana-Lafayette,6-Jun,238,4.45,34.5,16,124,7.12,4.47,San Diego Chargers / 4th / 110th pick / 2012,4,110
108,2012,Michael Egnew\EgneMi00,TE,Missouri,5-Jun,252,4.52,36,21,131,7.03,4.32,Miami Dolphins / 3rd / 78th pick / 2012,3,78
139,2012,Dwayne Allen\AlleDw00,TE,Clemson,3-Jun,255,4.85,32,27,110,7.12,4.37,Indianapolis Colts / 3rd / 64th pick / 2012,3,64
23,2013,Levine Toilolo\ToilLe00,TE,Stanford,8-Jun,260,4.86,31,17,113,7.09,4.57,Atlanta Falcons / 4th / 133rd pick / 2013,4,133
37,2013,Dion Sims\SimsDi00,TE,Michigan State,5-Jun,262,4.75,35,22,112,7.36,4.52,Miami Dolphins / 4th / 106th pick / 2013,4,106
43,2013,Mychal Rivera\RiveMy00,TE,Tennessee,3-Jun,242,4.81,31,17,112,7.17,4.43,Oakland Raiders / 6th / 184th pick / 2013,6,184
63,2013,Vance McDonald\McDoVa00,TE,Rice,4-Jun,267,4.69,33.5,31,119,7.08,4.53,San Francisco 49ers / 2nd / 55th pick / 2013,2,55
98,2013,Chris Gragg\GragCh00,TE,Arkansas,3-Jun,244,4.5,37.5,18,125,7.08,4.51,Buffalo Bills / 7th / 222nd pick / 2013,7,222
114,2013,Zach Ertz\ErtzZa00,TE,Stanford,5-Jun,249,4.76,30.5,24,111,7.08,4.47,Philadelphia Eagles / 2nd / 35th pick / 2013,2,35
116,2013,Tyler Eifert\EifeTy00,TE,Notre Dame,5-Jun,250,4.68,35.5,22,119,6.92,4.32,Cincinnati Bengals / 1st / 21st pick / 2013,1,21
9,2014,Larry Webster\WebsLa00,TE,Bloomsburg,6-Jun,252,4.58,36.5,17,123,7.29,4.44,Detroit Lions / 4th / 136th pick / 2014,4,136
35,2014,Richard Rodgers\RodgRi00,TE,California,4-Jun,257,4.87,31.5,16,116,7.23,4.47,Green Bay Packers / 3rd / 98th pick / 2014,3,98
48,2014,Troy Niklas\NiklTr00,TE,Notre Dame,6-Jun,270,4.84,32,27,114,7.57,4.55,Arizona Cardinals / 2nd / 52nd pick / 2014,2,52
66,2014,Arthur Lynch\LyncAr00,TE,Georgia,5-Jun,258,4.82,29.5,28,116,7.38,4.35,Miami Dolphins / 5th / 155th pick / 2014,5,155
112,2014,C.J. Fiedorowicz\FiedC.00,TE,Iowa,5-Jun,265,4.76,31.5,25,116,7.1,4.26,Houston Texans / 3rd / 65th pick / 2014,3,65
154,2014,Jace Amaro\AmarJa00,TE,Texas Tech,5-Jun,265,4.74,33,28,118,7.42,4.3,New York Jets / 2nd / 49th pick / 2014,2,49
5,2015,Maxx Williams\WillMa04,TE,Minnesota,4-Jun,249,4.78,34.5,17,117,7.3,4.37,Baltimore Ravens / 2nd / 55th pick / 2015,2,55
11,2015,Clive Walford\WalfCl00,TE,Miami (FL),4-Jun,251,4.79,35,20,120,7.32,4.57,Oakland Raiders / 3rd / 68th pick / 2015,3,68
30,2015,MyCole Pruitt\PruiMy00,TE,Southern Illinois,2-Jun,251,4.58,38,17,118,7.25,4.37,Minnesota Vikings / 5th / 143rd pick / 2015,5,143
37,2015,Nick O'Leary\OLeaNi00,TE,Florida State,3-Jun,252,4.93,30.5,21,110,7.4,4.5,Buffalo Bills / 6th / 194th pick / 2015,6,194
62,2015,Jesse James\JameJe00,TE,Penn State,7-Jun,261,4.83,37.5,26,121,7.53,4.5,Pittsburgh Steelers / 5th / 160th pick / 2015,5,160
125,2015,Nick Boyle\BoylNi00,TE,Delaware,4-Jun,268,5.04,30.5,20,112,7.13,4.23,Baltimore Ravens / 5th / 171st pick / 2015,5,171
130,2015,Blake Bell\BellBl00,TE,Oklahoma,6-Jun,252,4.8,33,14,116,6.85,4.32,San Francisco 49ers / 4th / 117th pick / 2015,4,117
12,2016,Nick Vannett\VannNi00,TE,Ohio State,6-Jun,257,4.76,30.5,17,111,7.05,4.2,Seattle Seahawks / 3rd / 94th pick / 2016,3,94
78,2016,Austin Hooper\HoopAu00,TE,Stanford,4-Jun,254,4.72,33,19,117,7,4.32,Atlanta Falcons / 3rd / 81st pick / 2016,3,81
98,2016,Thomas Duarte\DuarTh00,TE,UCLA,2-Jun,231,4.72,33.5,12,118,6.97,4.24,Miami Dolphins / 7th / 231st pick / 2016,7,231
57,2017,David Njoku\NjokDa00,TE,Miami (FL),4-Jun,246,4.64,37.5,21,133,6.97,4.34,Cleveland Browns / 1st / 29th pick / 2017,1,29
87,2017,O.J. Howard\HowaO.00,TE,Alabama,6-Jun,251,4.51,30,22,121,6.85,4.16,Tampa Bay Buccaneers / 1st / 19th pick / 2017,1,19
110,2017,Gerald Everett\EverGe00,TE,South Alabama,3-Jun,239,4.62,37.5,22,126,6.99,4.33,Los Angeles Rams / 2nd / 44th pick / 2017,2,44
113,2017,Evan Engram\EngrEv00,TE,Mississippi,3-Jun,234,4.42,36,19,125,6.92,4.23,New York Giants / 1st / 23rd pick / 2017,1,23
6,2012,Jarius Wright\WrigJa02,WR,Arkansas,10-May,182,4.39,38,11,120,6.93,4.03,Minnesota Vikings / 4th / 118th pick / 2012,4,118
9,2012,Jordan White\WhitJo02,WR,Western Michigan,1-Jun,208,4.63,35,14,119,6.84,4.13,New York Jets / 7th / 244th pick / 2012,7,244
24,2012,Mohamed Sanu\SanuMo00,WR,Rutgers,1-Jun,211,4.62,36,19,126,6.88,4.22,Cincinnati Bengals / 3rd / 83rd pick / 2012,3,83
31,2012,Rueben Randle\RandRu00,WR,LSU,3-Jun,210,4.55,31,15,121,6.99,4.36,New York Giants / 2nd / 63rd pick / 2012,2,63
33,2012,Brian Quick\QuicBr00,WR,Appalachian State,3-Jun,220,4.5,34,15,119,7.1,4.23,St. Louis Rams / 2nd / 33rd pick / 2012,2,33
35,2012,DeVier Posey\PoseDe00,WR,Ohio State,2-Jun,211,4.39,36.5,14,123,7.03,4.15,Houston Texans / 3rd / 68th pick / 2012,3,68
60,2012,Keshawn Martin\MartKe01,WR,Michigan State,11-May,188,4.42,39.5,13,122,6.85,4.13,Houston Texans / 4th / 121st pick / 2012,4,121
73,2012,Marvin Jones\JoneMa02,WR,California,2-Jun,199,4.46,33,22,112,6.81,4.11,Cincinnati Bengals / 5th / 166th pick / 2012,5,166
83,2012,Stephen Hill\HillSt00,WR,Georgia Tech,4-Jun,215,4.36,39.5,14,133,6.88,4.48,New York Jets / 2nd / 43rd pick / 2012,2,43
86,2012,Junior Hemingway\HemiJu00,WR,Michigan,1-Jun,225,4.48,35.5,21,124,6.59,3.98,Kansas City Chiefs / 7th / 238th pick / 2012,7,238
97,2012,T.J. Graham\GrahT.00,WR,North Carolina State,11-May,188,4.34,33.5,8,120,6.77,4.18,Buffalo Bills / 3rd / 69th pick / 2012,3,69
99,2012,Chris Givens\GiveCh00,WR,Wake Forest,11-May,198,4.35,33.5,19,118,6.97,4.23,St. Louis Rams / 4th / 96th pick / 2012,4,96
115,2012,Juron Criner\CrinJu00,WR,Arizona,2-Jun,224,4.66,38,17,117,7.15,4.3,Oakland Raiders / 5th / 168th pick / 2012,5,168
121,2012,Danny Coale\CoalDa00,WR,Virginia Tech,1-Jun,201,4.42,35,12,115,6.69,4.15,Dallas Cowboys / 5th / 152nd pick / 2012,5,152
1,2013,Robert Woods\WoodRo02,WR,Southern California,1-Jun,201,4.51,33.5,14,117,7.15,4.47,Buffalo Bills / 2nd / 41st pick / 2013,2,41
6,2013,Marquess Wilson\WilsMa02,WR,Washington State,3-Jun,194,4.51,34.5,7,122,6.65,4.33,Chicago Bears / 7th / 236th pick / 2013,7,236
8,2013,Terrance Williams\WillTe01,WR,Baylor,2-Jun,208,4.52,32.5,11,119,7.01,4.32,Dallas Cowboys / 3rd / 74th pick / 2013,3,74
11,2013,Markus Wheaton\WheaMa00,WR,Oregon State,11-May,189,4.45,37,20,120,6.8,4.02,Pittsburgh Steelers / 3rd / 79th pick / 2013,3,79
29,2013,Ryan Swope\SwopRy00,WR,Texas A&M,1-Jun,205,4.34,37,16,125,6.76,4.25,Arizona Cardinals / 6th / 174th pick / 2013,6,174
39,2013,Ace Sanders\SandAc00,WR,South Carolina,7-May,173,4.58,32,7,117,6.81,4.37,Jacksonville Jaguars / 4th / 101st pick / 2013,4,101
51,2013,Quinton Patton\PattQu00,WR,Louisiana Tech,1-Jun,204,4.53,33,8,118,6.91,4.01,San Francisco 49ers / 4th / 128th pick / 2013,4,128
62,2013,Aaron Mellette\MellAa00,WR,Elon,2-Jun,217,4.54,33.5,9,123,7.11,4.41,Baltimore Ravens / 7th / 238th pick / 2013,7,238
76,2013,Tavarres King\KingTa00,WR,Georgia,1-Jun,189,4.47,36.5,11,123,6.91,4.33,Denver Broncos / 5th / 161st pick / 2013,5,161
94,2013,Chris Harper\HarpCh00,WR,Kansas State,1-Jun,229,4.55,35.5,20,116,6.89,4.39,Seattle Seahawks / 4th / 123rd pick / 2013,4,123
130,2013,Josh Boyce\BoycJo00,WR,TCU,11-May,206,4.38,34,22,131,6.68,4.1,New England Patriots / 4th / 102nd pick / 2013,4,102
143,2013,Stedman Bailey\BailSt01,WR,West Virginia,10-May,193,4.52,34.5,11,117,6.81,4.09,St. Louis Rams / 3rd / 92nd pick / 2013,3,92
11,2014,Sammy Watkins\WatkSa00,WR,Clemson,1-Jun,211,4.43,34,16,126,6.95,4.34,Buffalo Bills / 1st / 4th pick / 2014,1,4
47,2014,Kevin Norwood\NorwKe00,WR,Alabama,2-Jun,198,4.48,33,8,121,6.68,4.32,Seattle Seahawks / 4th / 123rd pick / 2014,4,123
54,2014,Donte Moncrief\MoncDo00,WR,Mississippi,2-Jun,221,4.4,39.5,13,132,7.02,4.3,Indianapolis Colts / 3rd / 90th pick / 2014,3,90
60,2014,Jordan Matthews\MattJo00,WR,Vanderbilt,3-Jun,212,4.46,35.5,21,120,6.95,4.18,Philadelphia Eagles / 2nd / 42nd pick / 2014,2,42
83,2014,Jeff Janis\JaniJe00,WR,Saginaw Valley State,3-Jun,219,4.42,37.5,20,123,6.64,3.98,Green Bay Packers / 7th / 236th pick / 2014,7,236
94,2014,Robert Herron\HerrRo00,WR,Wyoming,9-May,193,4.48,35.5,18,125,6.84,4.27,Tampa Bay Buccaneers / 6th / 185th pick / 2014,6,185
96,2014,Matt Hazel\HazeMa01,WR,Coastal Carolina,1-Jun,198,4.5,36.5,15,118,7.08,4.2,Miami Dolphins / 6th / 190th pick / 2014,6,190
101,2014,Ryan Grant\GranRy01,WR,Tulane,1-Jun,199,4.64,35.5,8,119,6.68,4.11,Washington Redskins / 5th / 142nd pick / 2014,5,142
115,2014,Shaquelle Evans\EvanSh00,WR,UCLA,1-Jun,213,4.51,34.5,13,122,7.07,4.21,New York Jets / 4th / 115th pick / 2014,4,115
118,2014,Bruce Ellington\ElliBr00,WR,South Carolina,9-May,197,4.45,39.5,15,120,6.69,3.95,San Francisco 49ers / 4th / 106th pick / 2014,4,106
127,2014,Brandin Cooks\CookBr00,WR,Oregon State,10-May,189,4.33,36,16,120,6.76,3.81,New Orleans Saints / 1st / 20th pick / 2014,1,20
132,2014,Michael Campanaro\CampMi02,WR,Wake Forest,9-May,192,4.46,39,20,122,6.77,4.01,Baltimore Ravens / 7th / 218th pick / 2014,7,218
135,2014,Martavis Bryant\BryaMa00,WR,Clemson,4-Jun,211,4.42,39,16,124,7.18,4.15,Pittsburgh Steelers / 4th / 118th pick / 2014,4,118
149,2014,Kelvin Benjamin\BenjKe00,WR,Florida State,5-Jun,240,4.61,32.5,13,119,7.33,4.39,Carolina Panthers / 1st / 28th pick / 2014,1,28
150,2014,Odell Beckham Jr.\BeckOd00,WR,LSU,11-May,198,4.38,38.5,7,122,6.69,3.94,New York Giants / 1st / 12th pick / 2014,1,12
152,2014,Dri Archer\ArchDr00,WR,Kent State,8-May,173,4.26,38,20,122,6.86,4.06,Pittsburgh Steelers / 3rd / 97th pick / 2014,3,97
155,2014,Davante Adams\AdamDa01,WR,Fresno State,1-Jun,212,4.56,39.5,14,123,6.82,4.3,Green Bay Packers / 2nd / 53rd pick / 2014,2,53
156,2014,Jared Abbrederis\AbbrJa00,WR,Wisconsin,1-Jun,195,4.5,30.5,4,117,6.8,4.08,Green Bay Packers / 5th / 176th pick / 2014,5,176
8,2015,Kevin White\WhitKe00,WR,West Virginia,3-Jun,215,4.35,36.5,23,123,6.92,4.14,Chicago Bears / 1st / 7th pick / 2015,1,7
10,2015,Darren Waller\WallDa01,WR,Georgia Tech,6-Jun,238,4.46,37,12,125,7.07,4.25,Baltimore Ravens / 6th / 204th pick / 2015,6,204
47,2015,Tre McBride\McBrTr00,WR,William & Mary,1-Jun,210,4.41,38,16,122,6.96,4.08,Tennessee Titans / 7th / 245th pick / 2015,7,245
55,2015,Tony Lippett\LippTo00,WR,Michigan State,2-Jun,192,4.61,36,10,114,6.92,4.13,Miami Dolphins / 5th / 156th pick / 2015,5,156
75,2015,Justin Hardy\HardJu00,WR,East Carolina,10-May,192,4.56,36.5,11,114,6.63,4.21,Atlanta Falcons / 4th / 107th pick / 2015,4,107
80,2015,Dorial Green-Beckham\GreeDo00,WR,Oklahoma,5-Jun,237,4.49,33.5,13,119,6.89,4.45,Tennessee Titans / 2nd / 40th pick / 2015,2,40
97,2015,Phillip Dorsett\DorsPh00,WR,Miami (FL),10-May,185,4.33,37,13,122,6.7,4.11,Indianapolis Colts / 1st / 29th pick / 2015,1,29
102,2015,Geremy Davis\DaviGe00,WR,Connecticut,2-Jun,216,4.49,36.5,23,124,6.86,4.18,New York Giants / 6th / 186th pick / 2015,6,186
103,2015,Jamison Crowder\CrowJa00,WR,Duke,8-May,185,4.56,37,10,115,7.17,4.32,Washington Redskins / 4th / 105th pick / 2015,4,105
106,2015,Chris Conley\ConlCh00,WR,Georgia,2-Jun,213,4.35,45,18,139,7.06,4.3,Kansas City Chiefs / 3rd / 76th pick / 2015,3,76
110,2015,Sammie Coates\CoatSa00,WR,Auburn,1-Jun,212,4.43,41,23,131,6.98,4.06,Pittsburgh Steelers / 3rd / 87th pick / 2015,3,87
113,2015,Kaelin Clay\ClayKa00,WR,Utah,10-May,195,4.51,33,10,113,6.97,4.26,Tampa Bay Buccaneers / 6th / 184th pick / 2015,6,184
123,2015,Da'Ron Brown\BrowDa03,WR,Northern Illinois,1-Jun,205,4.54,37,17,120,7.04,4.11,Kansas City Chiefs / 7th / 233rd pick / 2015,7,233
129,2015,Kenny Bell\BellKe02,WR,Nebraska,1-Jun,197,4.42,41.5,7,129,6.66,4.15,Tampa Bay Buccaneers / 5th / 162nd pick / 2015,5,162
135,2015,Mario Alford\AlfoMa00,WR,West Virginia,8-May,180,4.43,34,13,121,6.64,4.07,Cincinnati Bengals / 7th / 238th pick / 2015,7,238
20,2016,Michael Thomas\ThomMi05,WR,Ohio State,3-Jun,212,4.57,35,18,126,6.8,4.13,New Orleans Saints / 2nd / 47th pick / 2016,2,47
30,2016,Sterling Shepard\ShepSt00,WR,Oklahoma,10-May,194,4.48,41,20,123,7,4.35,New York Giants / 2nd / 40th pick / 2016,2,40
42,2016,Charone Peake\PeakCh00,WR,Clemson,2-Jun,209,4.45,35.5,12,122,6.96,4.46,New York Jets / 7th / 241st pick / 2016,7,241
48,2016,Chris Moore\MoorCh00,WR,Cincinnati,1-Jun,206,4.53,37,10,130,6.76,4.2,Baltimore Ravens / 4th / 107th pick / 2016,4,107
49,2016,Malcolm Mitchell\MitcMa01,WR,Georgia,1-Jun,198,4.45,36,15,129,6.94,4.34,New England Patriots / 4th / 112th pick / 2016,4,112
50,2016,Braxton Miller\MillBr03,WR,Ohio State,1-Jun,201,4.5,35,17,123,6.65,4.07,Houston Texans / 3rd / 85th pick / 2016,3,85
92,2016,Will Fuller\FullWi01,WR,Notre Dame,1-Jun,186,4.32,33.5,10,126,6.93,4.27,Houston Texans / 1st / 21st pick / 2016,1,21
103,2016,Josh Doctson\DoctJo00,WR,Texas Christian,2-Jun,202,4.5,41,14,131,6.84,4.08,Washington Redskins / 1st / 22nd pick / 2016,1,22
106,2016,Trevor Davis\DaviTr03,WR,California,1-Jun,188,4.42,38.5,11,124,6.6,4.22,Green Bay Packers / 5th / 163rd pick / 2016,5,163
120,2016,Aaron Burbridge\BurbAa00,WR,Michigan State,1-Jun,206,4.56,30.5,20,115,7.22,4.31,San Francisco 49ers / 6th / 213th pick / 2016,6,213
123,2016,Tyler Boyd\BoydTy00,WR,Pittsburgh,1-Jun,197,4.58,34,11,119,6.9,4.35,Cincinnati Bengals / 2nd / 55th pick / 2016,2,55
16,2017,Trent Taylor\TaylTr02,WR,Louisiana Tech,8-May,181,4.63,33,13,117,6.74,4.01,San Francisco 49ers / 5th / 177th pick / 2017,5,177
17,2017,Taywan Taylor\TaylTa00,WR,Western Kentucky,11-May,203,4.5,33.5,13,132,6.57,4.21,Tennessee Titans / 3rd / 72nd pick / 2017,3,72
18,2017,Ryan Switzer\SwitRy00,WR,North Carolina,8-May,181,4.51,32,11,116,6.77,4,Dallas Cowboys / 4th / 133rd pick / 2017,4,133
32,2017,Curtis Samuel\SamuCu00,WR,Ohio State,11-May,196,4.31,37,18,119,7.09,4.33,Carolina Panthers / 2nd / 40th pick / 2017,2,40
61,2017,Isaiah McKenzie\McKeIs00,WR,Georgia,7-May,173,4.42,36,11,123,6.64,4.15,Denver Broncos / 5th / 172nd pick / 2017,5,172
67,2017,Josh Malone\MaloJo00,WR,Tennessee,3-Jun,208,4.4,30.5,10,121,7.05,4.19,Cincinnati Bengals / 4th / 128th pick / 2017,4,128
96,2017,Carlos Henderson\HendCa01,WR,Louisiana Tech,11-May,199,4.46,36,13,131,7.18,4.35,Denver Broncos / 3rd / 82nd pick / 2017,3,82
99,2017,Chad Hansen\HansCh00,WR,California,2-Jun,202,4.53,35,11,119,6.74,4.13,New York Jets / 4th / 141st pick / 2017,4,141
100,2017,Kenny Golladay\GollKe00,WR,Northern Illinois,4-Jun,218,4.5,35.5,18,120,7,4.15,Detroit Lions / 3rd / 96th pick / 2017,3,96
101,2017,Chris Godwin\GodwCh00,WR,Penn State,1-Jun,209,4.42,36,19,126,7.01,4,Tampa Bay Buccaneers / 3rd / 84th pick / 2017,3,84
102,2017,Shelton Gibson\GibsSh00,WR,West Virginia,11-May,191,4.5,32,8,118,6.83,4.2,Philadelphia Eagles / 5th / 166th pick / 2017,5,166
108,2017,Isaiah Ford\FordIs00,WR,Virginia Tech,1-Jun,194,4.61,35.5,14,127,6.94,4.34,Miami Dolphins / 7th / 237th pick / 2017,7,237
116,2017,Malachi Dupre\DuprMa01,WR,LSU,2-Jun,196,4.52,39.5,11,135,7.19,4.26,Green Bay Packers / 7th / 247th pick / 2017,7,247
121,2017,Robert Davis\DaviRo00,WR,Georgia State,3-Jun,219,4.44,41,19,136,6.82,4.28,Washington Redskins / 6th / 209th pick / 2017,6,209
131,2017,Jehu Chesson\ChesJe00,WR,Michigan,3-Jun,204,4.47,35.5,10,132,6.7,4.09,Kansas City Chiefs / 4th / 139th pick / 2017,4,139
146,2017,Rodney Adams\AdamRo01,WR,South Florida,1-Jun,189,4.44,29.5,8,125,6.98,4.28,Minnesota Vikings / 5th / 170th pick / 2017,5,170